url,title,date,content,content_length
http://paper.people.com.cn/rmrb/html/2023-01/01/nw.D110000renmrb_20230101_1-01.htm,国家主席习近平发表二〇二三年新年贺词,,"■ 2022年，我们胜利召开党的二十大，擘画了全面建设社会主义现代化国家、以中国式现代化全面推进中华民族伟大复兴的宏伟蓝图，吹响了奋进新征程的时代号角
■ 我国继续保持世界第二大经济体的地位，经济稳健发展，全年国内生产总值预计超过120万亿元。面对全球粮食危机，我国粮食生产实现“十九连丰”，中国人的饭碗端得更牢了。我们巩固脱贫攻坚成果，全面推进乡村振兴，采取减税降费等系列措施为企业纾难解困，着力解决人民群众急难愁盼问题
■ 疫情发生以来，我们始终坚持人民至上、生命至上，坚持科学精准防控，因时因势优化调整防控措施，最大限度保护了人民生命安全和身体健康。广大干部群众特别是医务人员、基层工作者不畏艰辛、勇毅坚守。经过艰苦卓绝的努力，我们战胜了前所未有的困难和挑战，每个人都不容易。目前，疫情防控进入新阶段，仍是吃劲的时候，大家都在坚忍不拔努力，曙光就在前头。大家再加把劲，坚持就是胜利，团结就是胜利
■ 历史长河波澜壮阔，一代又一代人接续奋斗创造了今天的中国
■ 今天的中国，是梦想接连实现的中国。今天的中国，是充满生机活力的中国。今天的中国，是赓续民族精神的中国。今天的中国，是紧密联系世界的中国
■ 党的二十大后我和同事们一起去了延安，重温党中央在延安时期战胜世所罕见困难的光辉岁月，感悟老一辈共产党人的精神力量。我常说，艰难困苦，玉汝于成。中国共产党百年栉风沐雨、披荆斩棘，历程何其艰辛又何其伟大。我们要一往无前、顽强拼搏，让明天的中国更美好
■ 明天的中国，奋斗创造奇迹。明天的中国，力量源于团结。明天的中国，希望寄予青年
■ 祝愿祖国繁荣昌盛、国泰民安！祝愿世界和平美好、幸福安宁！祝愿大家新年快乐、皆得所愿！

新华社北京12月31日电  新年前夕，国家主席习近平通过中央广播电视总台和互联网，发表了二〇二三年新年贺词。全文如下：
大家好！2023年即将到来，我在北京向大家致以美好的新年祝福！
2022年，我们胜利召开党的二十大，擘画了全面建设社会主义现代化国家、以中国式现代化全面推进中华民族伟大复兴的宏伟蓝图，吹响了奋进新征程的时代号角。
我国继续保持世界第二大经济体的地位，经济稳健发展，全年国内生产总值预计超过120万亿元。面对全球粮食危机，我国粮食生产实现“十九连丰”，中国人的饭碗端得更牢了。我们巩固脱贫攻坚成果，全面推进乡村振兴，采取减税降费等系列措施为企业纾难解困，着力解决人民群众急难愁盼问题。
疫情发生以来，我们始终坚持人民至上、生命至上，坚持科学精准防控，因时因势优化调整防控措施，最大限度保护了人民生命安全和身体健康。广大干部群众特别是医务人员、基层工作者不畏艰辛、勇毅坚守。经过艰苦卓绝的努力，我们战胜了前所未有的困难和挑战，每个人都不容易。目前，疫情防控进入新阶段，仍是吃劲的时候，大家都在坚忍不拔努力，曙光就在前头。大家再加把劲，坚持就是胜利，团结就是胜利。
2022年，江泽民同志离开了我们。我们深切缅怀他的丰功伟绩和崇高风范，珍惜他留下的宝贵精神财富。我们要继承他的遗志，把新时代中国特色社会主义事业不断推向前进。
历史长河波澜壮阔，一代又一代人接续奋斗创造了今天的中国。
今天的中国，是梦想接连实现的中国。北京冬奥会、冬残奥会成功举办，冰雪健儿驰骋赛场，取得了骄人成绩。神舟十三号、十四号、十五号接力腾飞，中国空间站全面建成，我们的“太空之家”遨游苍穹。人民军队迎来95岁生日，广大官兵在强军伟业征程上昂扬奋进。第三艘航母“福建号”下水，首架C919大飞机正式交付，白鹤滩水电站全面投产……这一切，凝结着无数人的辛勤付出和汗水。点点星火，汇聚成炬，这就是中国力量！
今天的中国，是充满生机活力的中国。各自由贸易试验区、海南自由贸易港蓬勃兴起，沿海地区踊跃创新，中西部地区加快发展，东北振兴蓄势待发，边疆地区兴边富民。中国经济韧性强、潜力大、活力足，长期向好的基本面依然不变。只要笃定信心、稳中求进，就一定能实现我们的既定目标。今年我去了香港，看到香港将由治及兴十分欣慰。坚定不移落实好“一国两制”，香港、澳门必将长期繁荣稳定。
今天的中国，是赓续民族精神的中国。这一年发生的地震、洪水、干旱、山火等自然灾害和一些安全事故，让人揪心，令人难过，但一幕幕舍生取义、守望相助的场景感人至深，英雄的事迹永远铭记在我们心中。每当辞旧迎新，总会念及中华民族千年传承的浩然之气，倍增前行信心。
今天的中国，是紧密联系世界的中国。这一年，我在北京迎接了不少新老朋友，也走出国门讲述中国主张。百年变局加速演进，世界并不太平。我们始终如一珍视和平和发展，始终如一珍惜朋友和伙伴，坚定站在历史正确的一边、站在人类文明进步的一边，努力为人类和平与发展事业贡献中国智慧、中国方案。
党的二十大后我和同事们一起去了延安，重温党中央在延安时期战胜世所罕见困难的光辉岁月，感悟老一辈共产党人的精神力量。我常说，艰难困苦，玉汝于成。中国共产党百年栉风沐雨、披荆斩棘，历程何其艰辛又何其伟大。我们要一往无前、顽强拼搏，让明天的中国更美好。
明天的中国，奋斗创造奇迹。苏轼有句话：“犯其至难而图其至远”，意思是说“向最难之处攻坚，追求最远大的目标”。路虽远，行则将至；事虽难，做则必成。只要有愚公移山的志气、滴水穿石的毅力，脚踏实地，埋头苦干，积跬步以至千里，就一定能够把宏伟目标变为美好现实。
明天的中国，力量源于团结。中国这么大，不同人会有不同诉求，对同一件事也会有不同看法，这很正常，要通过沟通协商凝聚共识。14亿多中国人心往一处想、劲往一处使，同舟共济、众志成城，就没有干不成的事、迈不过的坎。海峡两岸一家亲。衷心希望两岸同胞相向而行、携手并进，共创中华民族绵长福祉。
明天的中国，希望寄予青年。青年兴则国家兴，中国发展要靠广大青年挺膺担当。年轻充满朝气，青春孕育希望。广大青年要厚植家国情怀、涵养进取品格，以奋斗姿态激扬青春，不负时代，不负华年。
此时此刻，许多人还在辛苦忙碌，大家辛苦了！新年的钟声即将敲响，让我们怀着对未来的美好向往，共同迎接2023年的第一缕阳光。
祝愿祖国繁荣昌盛、国泰民安！祝愿世界和平美好、幸福安宁！祝愿大家新年快乐、皆得所愿！
谢谢！",2544
http://paper.people.com.cn/rmrb/html/2023-01/01/nw.D110000renmrb_20230101_2-03.htm,国家主席习近平发表二〇二三年新年贺词,,"■ 2022年，我们胜利召开党的二十大，擘画了全面建设社会主义现代化国家、以中国式现代化全面推进中华民族伟大复兴的宏伟蓝图，吹响了奋进新征程的时代号角
■ 我国继续保持世界第二大经济体的地位，经济稳健发展，全年国内生产总值预计超过120万亿元。面对全球粮食危机，我国粮食生产实现“十九连丰”，中国人的饭碗端得更牢了。我们巩固脱贫攻坚成果，全面推进乡村振兴，采取减税降费等系列措施为企业纾难解困，着力解决人民群众急难愁盼问题
■ 疫情发生以来，我们始终坚持人民至上、生命至上，坚持科学精准防控，因时因势优化调整防控措施，最大限度保护了人民生命安全和身体健康。广大干部群众特别是医务人员、基层工作者不畏艰辛、勇毅坚守。经过艰苦卓绝的努力，我们战胜了前所未有的困难和挑战，每个人都不容易。目前，疫情防控进入新阶段，仍是吃劲的时候，大家都在坚忍不拔努力，曙光就在前头。大家再加把劲，坚持就是胜利，团结就是胜利
■ 历史长河波澜壮阔，一代又一代人接续奋斗创造了今天的中国
■ 今天的中国，是梦想接连实现的中国。今天的中国，是充满生机活力的中国。今天的中国，是赓续民族精神的中国。今天的中国，是紧密联系世界的中国
■ 党的二十大后我和同事们一起去了延安，重温党中央在延安时期战胜世所罕见困难的光辉岁月，感悟老一辈共产党人的精神力量。我常说，艰难困苦，玉汝于成。中国共产党百年栉风沐雨、披荆斩棘，历程何其艰辛又何其伟大。我们要一往无前、顽强拼搏，让明天的中国更美好
■ 明天的中国，奋斗创造奇迹。明天的中国，力量源于团结。明天的中国，希望寄予青年
■ 祝愿祖国繁荣昌盛、国泰民安！祝愿世界和平美好、幸福安宁！祝愿大家新年快乐、皆得所愿！

新华社北京12月31日电  新年前夕，国家主席习近平通过中央广播电视总台和互联网，发表了二〇二三年新年贺词。全文如下：
大家好！2023年即将到来，我在北京向大家致以美好的新年祝福！
2022年，我们胜利召开党的二十大，擘画了全面建设社会主义现代化国家、以中国式现代化全面推进中华民族伟大复兴的宏伟蓝图，吹响了奋进新征程的时代号角。
我国继续保持世界第二大经济体的地位，经济稳健发展，全年国内生产总值预计超过120万亿元。面对全球粮食危机，我国粮食生产实现“十九连丰”，中国人的饭碗端得更牢了。我们巩固脱贫攻坚成果，全面推进乡村振兴，采取减税降费等系列措施为企业纾难解困，着力解决人民群众急难愁盼问题。
疫情发生以来，我们始终坚持人民至上、生命至上，坚持科学精准防控，因时因势优化调整防控措施，最大限度保护了人民生命安全和身体健康。广大干部群众特别是医务人员、基层工作者不畏艰辛、勇毅坚守。经过艰苦卓绝的努力，我们战胜了前所未有的困难和挑战，每个人都不容易。目前，疫情防控进入新阶段，仍是吃劲的时候，大家都在坚忍不拔努力，曙光就在前头。大家再加把劲，坚持就是胜利，团结就是胜利。
2022年，江泽民同志离开了我们。我们深切缅怀他的丰功伟绩和崇高风范，珍惜他留下的宝贵精神财富。我们要继承他的遗志，把新时代中国特色社会主义事业不断推向前进。
历史长河波澜壮阔，一代又一代人接续奋斗创造了今天的中国。
今天的中国，是梦想接连实现的中国。北京冬奥会、冬残奥会成功举办，冰雪健儿驰骋赛场，取得了骄人成绩。神舟十三号、十四号、十五号接力腾飞，中国空间站全面建成，我们的“太空之家”遨游苍穹。人民军队迎来95岁生日，广大官兵在强军伟业征程上昂扬奋进。第三艘航母“福建号”下水，首架C919大飞机正式交付，白鹤滩水电站全面投产……这一切，凝结着无数人的辛勤付出和汗水。点点星火，汇聚成炬，这就是中国力量！
今天的中国，是充满生机活力的中国。各自由贸易试验区、海南自由贸易港蓬勃兴起，沿海地区踊跃创新，中西部地区加快发展，东北振兴蓄势待发，边疆地区兴边富民。中国经济韧性强、潜力大、活力足，长期向好的基本面依然不变。只要笃定信心、稳中求进，就一定能实现我们的既定目标。今年我去了香港，看到香港将由治及兴十分欣慰。坚定不移落实好“一国两制”，香港、澳门必将长期繁荣稳定。
今天的中国，是赓续民族精神的中国。这一年发生的地震、洪水、干旱、山火等自然灾害和一些安全事故，让人揪心，令人难过，但一幕幕舍生取义、守望相助的场景感人至深，英雄的事迹永远铭记在我们心中。每当辞旧迎新，总会念及中华民族千年传承的浩然之气，倍增前行信心。
今天的中国，是紧密联系世界的中国。这一年，我在北京迎接了不少新老朋友，也走出国门讲述中国主张。百年变局加速演进，世界并不太平。我们始终如一珍视和平和发展，始终如一珍惜朋友和伙伴，坚定站在历史正确的一边、站在人类文明进步的一边，努力为人类和平与发展事业贡献中国智慧、中国方案。
党的二十大后我和同事们一起去了延安，重温党中央在延安时期战胜世所罕见困难的光辉岁月，感悟老一辈共产党人的精神力量。我常说，艰难困苦，玉汝于成。中国共产党百年栉风沐雨、披荆斩棘，历程何其艰辛又何其伟大。我们要一往无前、顽强拼搏，让明天的中国更美好。
明天的中国，奋斗创造奇迹。苏轼有句话：“犯其至难而图其至远”，意思是说“向最难之处攻坚，追求最远大的目标”。路虽远，行则将至；事虽难，做则必成。只要有愚公移山的志气、滴水穿石的毅力，脚踏实地，埋头苦干，积跬步以至千里，就一定能够把宏伟目标变为美好现实。
明天的中国，力量源于团结。中国这么大，不同人会有不同诉求，对同一件事也会有不同看法，这很正常，要通过沟通协商凝聚共识。14亿多中国人心往一处想、劲往一处使，同舟共济、众志成城，就没有干不成的事、迈不过的坎。海峡两岸一家亲。衷心希望两岸同胞相向而行、携手并进，共创中华民族绵长福祉。
明天的中国，希望寄予青年。青年兴则国家兴，中国发展要靠广大青年挺膺担当。年轻充满朝气，青春孕育希望。广大青年要厚植家国情怀、涵养进取品格，以奋斗姿态激扬青春，不负时代，不负华年。
此时此刻，许多人还在辛苦忙碌，大家辛苦了！新年的钟声即将敲响，让我们怀着对未来的美好向往，共同迎接2023年的第一缕阳光。
祝愿祖国繁荣昌盛、国泰民安！祝愿世界和平美好、幸福安宁！祝愿大家新年快乐、皆得所愿！
谢谢！",2544
http://paper.people.com.cn/rmrb/html/2023-01/01/nw.D110000renmrb_20230101_2-01.htm,中俄两国元首互致新年贺电,,"新华社北京12月31日电  2022年12月31日，国家主席习近平和俄罗斯总统普京互致新年贺电。
习近平代表中国政府和中国人民，向普京总统和俄罗斯人民致以诚挚的祝贺和美好的祝愿。习近平指出，2022年是极不平凡的一年。面对加速演变的国际形势和持续蔓延的全球疫情，中俄关系始终保持健康发展势头。这一年，中俄经贸合作稳步推进，能源、投资、互联互通等领域合作取得新成果，为两国共同发展提供了助力。双方正式启动中俄体育交流年，两国民众的相互了解和传统友谊进一步加深。
习近平指出，即将到来的2023年是中国全面落实中共二十大精神的开局之年，中俄关系也将迎来新的发展机遇。我愿同普京总统保持密切交往，引领双方深化全面战略协作和各领域务实合作，造福两国和两国人民。
普京总统向习近平主席致以衷心的节日祝贺，祝愿友好的中国人民幸福安康。普京表示，在即将过去的一年里，俄中全面战略协作伙伴关系持续加强，展现出强劲发展势头，经受住外部挑战考验。两国政治对话内容丰富，双边贸易额创历史新高，重大跨境交通基础设施项目建设完工。俄中体育交流年顺利举办，为推动双方人文合作作出重要贡献。相信通过共同努力，双方能够将两国合作提升至新的更高水平，造福俄中两国人民。
同日，国务院总理李克强同俄罗斯总理米舒斯京互致新年贺电。李克强表示，过去的一年，中俄全方位务实合作持续深化，人文交流日益密切，两国友好的社会民意基础愈加稳固。双方成功举行了中俄总理第二十七次定期会晤，达成重要共识。我愿同米舒斯京总理加强沟通交流，推动两国各领域务实合作取得更多实实在在的成果。米舒斯京表示，俄中全面战略协作伙伴关系不断向前发展，相信两国总理定期会晤框架下达成的各项共识将有助于增进两国战略协作，提升两国人民福祉。",732
http://paper.people.com.cn/rmrb/html/2023-01/01/nw.D110000renmrb_20230101_3-03.htm,中俄两国元首互致新年贺电,,"新华社北京12月31日电  2022年12月31日，国家主席习近平和俄罗斯总统普京互致新年贺电。
习近平代表中国政府和中国人民，向普京总统和俄罗斯人民致以诚挚的祝贺和美好的祝愿。习近平指出，2022年是极不平凡的一年。面对加速演变的国际形势和持续蔓延的全球疫情，中俄关系始终保持健康发展势头。这一年，中俄经贸合作稳步推进，能源、投资、互联互通等领域合作取得新成果，为两国共同发展提供了助力。双方正式启动中俄体育交流年，两国民众的相互了解和传统友谊进一步加深。
习近平指出，即将到来的2023年是中国全面落实中共二十大精神的开局之年，中俄关系也将迎来新的发展机遇。我愿同普京总统保持密切交往，引领双方深化全面战略协作和各领域务实合作，造福两国和两国人民。
普京总统向习近平主席致以衷心的节日祝贺，祝愿友好的中国人民幸福安康。普京表示，在即将过去的一年里，俄中全面战略协作伙伴关系持续加强，展现出强劲发展势头，经受住外部挑战考验。两国政治对话内容丰富，双边贸易额创历史新高，重大跨境交通基础设施项目建设完工。俄中体育交流年顺利举办，为推动双方人文合作作出重要贡献。相信通过共同努力，双方能够将两国合作提升至新的更高水平，造福俄中两国人民。
同日，国务院总理李克强同俄罗斯总理米舒斯京互致新年贺电。李克强表示，过去的一年，中俄全方位务实合作持续深化，人文交流日益密切，两国友好的社会民意基础愈加稳固。双方成功举行了中俄总理第二十七次定期会晤，达成重要共识。我愿同米舒斯京总理加强沟通交流，推动两国各领域务实合作取得更多实实在在的成果。米舒斯京表示，俄中全面战略协作伙伴关系不断向前发展，相信两国总理定期会晤框架下达成的各项共识将有助于增进两国战略协作，提升两国人民福祉。",732
http://paper.people.com.cn/rmrb/html/2023-01/01/nw.D110000renmrb_20230101_3-01.htm,为实现党的二十大确定的目标任务而团结奋斗,,"新华社北京12月31日电  2023年1月1日出版的第1期《求是》杂志将发表中共中央总书记、国家主席、中央军委主席习近平在党的二十届一中全会上的讲话《为实现党的二十大确定的目标任务而团结奋斗》。
讲话强调，这次中央全会已经完成了选举产生新一届中央领导机构的任务。要牢记党和人民的重托，不忘初心、牢记使命，为全面建设社会主义现代化国家、全面推进中华民族伟大复兴而团结奋斗。
讲话指出，党的二十大是在全党全国各族人民迈上全面建设社会主义现代化国家新征程、向第二个百年奋斗目标进军的关键时刻召开的一次十分重要的大会，是一次高举旗帜、凝聚力量、团结奋进的大会，为新时代新征程党和国家事业发展、实现第二个百年奋斗目标指明了前进方向、确立了行动指南。
讲话指出，全面贯彻党的二十大精神，为实现党的二十大确定的目标任务而团结奋斗，是新一届中央领导集体的重大政治任务。第一，深刻认识我国发展面临的形势，始终保持战略清醒。既要坚定战略自信、保持必胜信念，又要增强忧患意识、坚持底线思维，准备经受风高浪急甚至惊涛骇浪的重大考验，继续披荆斩棘、勇毅前行，奋力开创事业发展新局面。第二，继续推进党的理论创新，不断提高马克思主义理论水平。要坚持把马克思主义基本原理同中国具体实际相结合、同中华优秀传统文化相结合，学懂弄通做实新时代中国特色社会主义思想，坚持好、运用好贯穿其中的立场观点方法，把这一思想贯彻落实到党和国家工作各方面全过程。第三，深刻把握中国式现代化的中国特色和本质要求，牢牢掌握我国发展主动权。要坚持党的基本理论、基本路线、基本方略不动摇，坚定道路自信、理论自信、制度自信、文化自信，坚持独立自主、自力更生，坚持道不变、志不改，既不走封闭僵化的老路，也不走改旗易帜的邪路，坚持把国家和民族发展放在自己力量的基点上，坚持把中国发展进步的命运牢牢掌握在自己手中。第四，扎实贯彻全面建设社会主义现代化国家各项部署，着力实现高质量发展。要聚焦实现高质量发展这个主题，进一步统筹推进“五位一体”总体布局、协调推进“四个全面”战略布局，完整、准确、全面贯彻新发展理念，用好改革这个关键一招，把教育、科技、人才作为全面建设社会主义现代化国家的基础性、战略性支撑，坚持走中国特色社会主义法治道路，坚定不移贯彻总体国家安全观。第五，全面落实以人民为中心的发展思想，扎实推进共同富裕。要把促进全体人民共同富裕摆在更加突出的位置，深入实施区域协调发展战略、区域重大战略、乡村振兴战略，着力保障和改善民生，坚持多劳多得，鼓励勤劳致富，完善促进机会公平、维护社会公平正义的制度机制，让每个人都获得发展自我和奉献社会的机会，共同享有人生出彩的机会，共同享有梦想成真的机会。第六，深入推进新时代党的建设新的伟大工程，着力推动全面从严治党取得新成效。要落实新时代党的建设总要求，健全全面从严治党体系，全面推进党的自我净化、自我完善、自我革新、自我提高，使我们党坚守初心使命，始终成为中国特色社会主义事业的坚强领导核心。要把学习贯彻党章作为贯彻党的二十大精神的重要内容，作为常态化长效化开展党史学习教育的重要举措，把党章要求贯彻到党的工作和党的建设各方面全过程。
讲话指出，新一届中央委员会成员承载着全党全国各族人民信任和重托，这既是莫大光荣，又是重大责任。一是牢记“国之大者”。要时刻把事关党和国家前途命运、事关人民根本利益的大事放在心上，旗帜鲜明讲政治，做政治上的明白人，把维护党中央权威和集中统一领导作为最根本的政治纪律和政治规矩，自觉在思想上政治上行动上同党中央保持高度一致，增强大局观念，牢固树立全国一盘棋思想，因地制宜、因时制宜，创造性开展工作，真正让党中央决策部署落地见效。二是全面增强本领。要加强思想淬炼、理论训练、政治历练、实践锻炼，坚持党的群众路线，继承和发扬党的优良传统，增强服务群众本领，保持强烈的忧患意识、风险意识，增强防范化解风险的意识和本领。三是增强斗争精神。要增强斗争的骨气、底气，在坚决斗争中赢得战略主动，敢于斗争、善于斗争，既当好指挥员，又当好战斗员，团结带领广大党员、干部、群众，依靠顽强斗争打开事业发展新天地。四是保持清正廉洁。必须做到洁身自爱、公道正派、坚守底线，为全党作表率。要树立正确权力观，自觉遵守中央八项规定精神，履行好抓班子、带队伍、正风气的领导责任，管好家人亲属、管好身边人身边事，树立良好家风。
讲话强调，做好全国人大、全国政协换届和省区市人大、政府、政协换届工作，意义重大。要把贯彻落实党的二十大精神和做好换届工作结合起来，统筹做好当前各项工作，确保人心稳定、工作有序。",1891
http://paper.people.com.cn/rmrb/html/2023-01/01/nw.D110000renmrb_20230101_4-03.htm,为实现党的二十大确定的目标任务而团结奋斗,,"新华社北京12月31日电  2023年1月1日出版的第1期《求是》杂志将发表中共中央总书记、国家主席、中央军委主席习近平在党的二十届一中全会上的讲话《为实现党的二十大确定的目标任务而团结奋斗》。
讲话强调，这次中央全会已经完成了选举产生新一届中央领导机构的任务。要牢记党和人民的重托，不忘初心、牢记使命，为全面建设社会主义现代化国家、全面推进中华民族伟大复兴而团结奋斗。
讲话指出，党的二十大是在全党全国各族人民迈上全面建设社会主义现代化国家新征程、向第二个百年奋斗目标进军的关键时刻召开的一次十分重要的大会，是一次高举旗帜、凝聚力量、团结奋进的大会，为新时代新征程党和国家事业发展、实现第二个百年奋斗目标指明了前进方向、确立了行动指南。
讲话指出，全面贯彻党的二十大精神，为实现党的二十大确定的目标任务而团结奋斗，是新一届中央领导集体的重大政治任务。第一，深刻认识我国发展面临的形势，始终保持战略清醒。既要坚定战略自信、保持必胜信念，又要增强忧患意识、坚持底线思维，准备经受风高浪急甚至惊涛骇浪的重大考验，继续披荆斩棘、勇毅前行，奋力开创事业发展新局面。第二，继续推进党的理论创新，不断提高马克思主义理论水平。要坚持把马克思主义基本原理同中国具体实际相结合、同中华优秀传统文化相结合，学懂弄通做实新时代中国特色社会主义思想，坚持好、运用好贯穿其中的立场观点方法，把这一思想贯彻落实到党和国家工作各方面全过程。第三，深刻把握中国式现代化的中国特色和本质要求，牢牢掌握我国发展主动权。要坚持党的基本理论、基本路线、基本方略不动摇，坚定道路自信、理论自信、制度自信、文化自信，坚持独立自主、自力更生，坚持道不变、志不改，既不走封闭僵化的老路，也不走改旗易帜的邪路，坚持把国家和民族发展放在自己力量的基点上，坚持把中国发展进步的命运牢牢掌握在自己手中。第四，扎实贯彻全面建设社会主义现代化国家各项部署，着力实现高质量发展。要聚焦实现高质量发展这个主题，进一步统筹推进“五位一体”总体布局、协调推进“四个全面”战略布局，完整、准确、全面贯彻新发展理念，用好改革这个关键一招，把教育、科技、人才作为全面建设社会主义现代化国家的基础性、战略性支撑，坚持走中国特色社会主义法治道路，坚定不移贯彻总体国家安全观。第五，全面落实以人民为中心的发展思想，扎实推进共同富裕。要把促进全体人民共同富裕摆在更加突出的位置，深入实施区域协调发展战略、区域重大战略、乡村振兴战略，着力保障和改善民生，坚持多劳多得，鼓励勤劳致富，完善促进机会公平、维护社会公平正义的制度机制，让每个人都获得发展自我和奉献社会的机会，共同享有人生出彩的机会，共同享有梦想成真的机会。第六，深入推进新时代党的建设新的伟大工程，着力推动全面从严治党取得新成效。要落实新时代党的建设总要求，健全全面从严治党体系，全面推进党的自我净化、自我完善、自我革新、自我提高，使我们党坚守初心使命，始终成为中国特色社会主义事业的坚强领导核心。要把学习贯彻党章作为贯彻党的二十大精神的重要内容，作为常态化长效化开展党史学习教育的重要举措，把党章要求贯彻到党的工作和党的建设各方面全过程。
讲话指出，新一届中央委员会成员承载着全党全国各族人民信任和重托，这既是莫大光荣，又是重大责任。一是牢记“国之大者”。要时刻把事关党和国家前途命运、事关人民根本利益的大事放在心上，旗帜鲜明讲政治，做政治上的明白人，把维护党中央权威和集中统一领导作为最根本的政治纪律和政治规矩，自觉在思想上政治上行动上同党中央保持高度一致，增强大局观念，牢固树立全国一盘棋思想，因地制宜、因时制宜，创造性开展工作，真正让党中央决策部署落地见效。二是全面增强本领。要加强思想淬炼、理论训练、政治历练、实践锻炼，坚持党的群众路线，继承和发扬党的优良传统，增强服务群众本领，保持强烈的忧患意识、风险意识，增强防范化解风险的意识和本领。三是增强斗争精神。要增强斗争的骨气、底气，在坚决斗争中赢得战略主动，敢于斗争、善于斗争，既当好指挥员，又当好战斗员，团结带领广大党员、干部、群众，依靠顽强斗争打开事业发展新天地。四是保持清正廉洁。必须做到洁身自爱、公道正派、坚守底线，为全党作表率。要树立正确权力观，自觉遵守中央八项规定精神，履行好抓班子、带队伍、正风气的领导责任，管好家人亲属、管好身边人身边事，树立良好家风。
讲话强调，做好全国人大、全国政协换届和省区市人大、政府、政协换届工作，意义重大。要把贯彻落实党的二十大精神和做好换届工作结合起来，统筹做好当前各项工作，确保人心稳定、工作有序。",1891
http://paper.people.com.cn/rmrb/html/2023-01/01/nw.D110000renmrb_20230101_4-01.htm,习近平向拉马福萨当选连任南非非洲人国民大会主席致贺电,,"新华社北京12月31日电  12月31日，中共中央总书记习近平致电祝贺拉马福萨当选连任南非非洲人国民大会主席。
习近平在贺电中说，欣悉你当选连任南非非洲人国民大会主席，我谨致以诚挚的祝贺，祝你在这一崇高岗位上取得新的更大成就。
习近平指出，中国共产党同南非非洲人国民大会传统友谊深厚，交流合作成果丰硕，为推动两国全面战略伙伴关系深入发展发挥了重要作用。我愿同主席先生一道，共同引领中南两党两国关系迈向更高水平，携手构建新时代中非命运共同体和人类命运共同体。",228
http://paper.people.com.cn/rmrb/html/2023-01/01/nw.D110000renmrb_20230101_5-03.htm,今天的中国，是梦想接连实现的中国,,"日月开新元，万象启新篇。告别2022年，迎来2023年，时间再次刻印下我们前行的坐标。
“历史长河波澜壮阔，一代又一代人接续奋斗创造了今天的中国。”新年前夕，习近平主席发表二〇二三年新年贺词，总结今天的中国“是梦想接连实现的中国”“是充满生机活力的中国”“是赓续民族精神的中国”“是紧密联系世界的中国”，展望明天的中国“奋斗创造奇迹”“力量源于团结”“希望寄予青年”。豪情满怀的宣示、语重心长的嘱托、殷切深情的祝福，给人以深刻的启示、奋进的力量，激励亿万人民踔厉奋发、勇毅前行，让明天的中国更美好。
回望2022年，这是党和国家历史上极为重要的一年。党的二十大胜利召开，擘画了全面建设社会主义现代化国家、以中国式现代化全面推进中华民族伟大复兴的宏伟蓝图，吹响了奋进新征程的时代号角。面对风高浪急的国际环境和艰巨繁重的国内改革发展稳定任务，在以习近平同志为核心的党中央坚强领导下，全党全国各族人民迎难而上，统筹国内国际两个大局，统筹疫情防控和经济社会发展，统筹发展和安全，加大宏观调控力度，应对超预期因素冲击，保持了经济社会大局稳定，全面建设社会主义现代化国家新征程迈出坚实步伐。劈波斩浪、行稳致远，“中国号”巨轮扬帆再出发，向着实现中华民族伟大复兴的梦想壮阔行进。
事非经过不知难。经过艰苦卓绝的努力，我们战胜了前所未有的困难和挑战。在抗疫斗争中，我们始终坚持人民至上、生命至上，坚持科学精准防控，因时因势优化调整防控措施，最大限度保护了人民生命安全和身体健康。从经济稳健发展，全年国内生产总值预计超过120万亿元，到全国粮食总产量达13730.6亿斤，实现“十九连丰”；从巩固脱贫攻坚成果、全面推进乡村振兴，到成功举办北京冬奥会、冬残奥会；从中国空间站全面建成、第三艘航母“福建号”下水，到首架C919大飞机正式交付、白鹤滩水电站全面投产……中国人民是具有伟大梦想精神的人民，始终心怀梦想、不懈追求，把梦想的蓝图一步步变为美好现实。实现梦想的征途上，我们都在努力奔跑，每个人都是追梦人。正如习近平主席强调的，“这一切，凝结着无数人的辛勤付出和汗水。点点星火，汇聚成炬，这就是中国力量！”
今天的中国，发展具备了更为坚实的物质基础、更为完善的制度保证，中国人民的前进动力更加强大、奋斗精神更加昂扬、必胜信念更加坚定，焕发出更为强烈的历史自觉和主动精神，中国共产党和中国人民正信心百倍推进中华民族从站起来、富起来到强起来的伟大飞跃，实现中华民族伟大复兴进入了不可逆转的历史进程。同时必须清醒看到，前进道路上我们面临的风险考验只会越来越复杂，甚至会遇到难以想象的惊涛骇浪，必须准备付出更为艰巨、更为艰苦的努力。习近平主席强调：“路虽远，行则将至；事虽难，做则必成。”梦想如号角，吹响亿万人民团结奋斗的时代旋律；梦想如画笔，绘写民族伟大复兴的万千气象。不管有多少涉滩之险、多少爬坡之艰、多少闯关之难，只要坚定信心、知难而进，一仗接着一仗打，就一定能攻克那些看似不可攻克的难关险阻、创造更多令人刮目相看的人间奇迹，把光荣镌刻在实现伟大梦想的非凡征程上。
今天的中国，梦想接连实现；明天的中国，更加灿烂美好。在充满光荣和梦想的新征程上，我们同舟共济、众志成城，脚步坚定、足音铿锵。让我们更加紧密地团结在以习近平同志为核心的党中央周围，撸起袖子加油干，风雨无阻向前行，为全面建设社会主义现代化国家、全面推进中华民族伟大复兴而团结奋斗，在新时代新征程上赢得更加伟大的胜利和荣光！",1432
http://paper.people.com.cn/rmrb/html/2023-01/01/nw.D110000renmrb_20230101_5-01.htm,今天的中国，是梦想接连实现的中国,,"日月开新元，万象启新篇。告别2022年，迎来2023年，时间再次刻印下我们前行的坐标。
“历史长河波澜壮阔，一代又一代人接续奋斗创造了今天的中国。”新年前夕，习近平主席发表二〇二三年新年贺词，总结今天的中国“是梦想接连实现的中国”“是充满生机活力的中国”“是赓续民族精神的中国”“是紧密联系世界的中国”，展望明天的中国“奋斗创造奇迹”“力量源于团结”“希望寄予青年”。豪情满怀的宣示、语重心长的嘱托、殷切深情的祝福，给人以深刻的启示、奋进的力量，激励亿万人民踔厉奋发、勇毅前行，让明天的中国更美好。
回望2022年，这是党和国家历史上极为重要的一年。党的二十大胜利召开，擘画了全面建设社会主义现代化国家、以中国式现代化全面推进中华民族伟大复兴的宏伟蓝图，吹响了奋进新征程的时代号角。面对风高浪急的国际环境和艰巨繁重的国内改革发展稳定任务，在以习近平同志为核心的党中央坚强领导下，全党全国各族人民迎难而上，统筹国内国际两个大局，统筹疫情防控和经济社会发展，统筹发展和安全，加大宏观调控力度，应对超预期因素冲击，保持了经济社会大局稳定，全面建设社会主义现代化国家新征程迈出坚实步伐。劈波斩浪、行稳致远，“中国号”巨轮扬帆再出发，向着实现中华民族伟大复兴的梦想壮阔行进。
事非经过不知难。经过艰苦卓绝的努力，我们战胜了前所未有的困难和挑战。在抗疫斗争中，我们始终坚持人民至上、生命至上，坚持科学精准防控，因时因势优化调整防控措施，最大限度保护了人民生命安全和身体健康。从经济稳健发展，全年国内生产总值预计超过120万亿元，到全国粮食总产量达13730.6亿斤，实现“十九连丰”；从巩固脱贫攻坚成果、全面推进乡村振兴，到成功举办北京冬奥会、冬残奥会；从中国空间站全面建成、第三艘航母“福建号”下水，到首架C919大飞机正式交付、白鹤滩水电站全面投产……中国人民是具有伟大梦想精神的人民，始终心怀梦想、不懈追求，把梦想的蓝图一步步变为美好现实。实现梦想的征途上，我们都在努力奔跑，每个人都是追梦人。正如习近平主席强调的，“这一切，凝结着无数人的辛勤付出和汗水。点点星火，汇聚成炬，这就是中国力量！”
今天的中国，发展具备了更为坚实的物质基础、更为完善的制度保证，中国人民的前进动力更加强大、奋斗精神更加昂扬、必胜信念更加坚定，焕发出更为强烈的历史自觉和主动精神，中国共产党和中国人民正信心百倍推进中华民族从站起来、富起来到强起来的伟大飞跃，实现中华民族伟大复兴进入了不可逆转的历史进程。同时必须清醒看到，前进道路上我们面临的风险考验只会越来越复杂，甚至会遇到难以想象的惊涛骇浪，必须准备付出更为艰巨、更为艰苦的努力。习近平主席强调：“路虽远，行则将至；事虽难，做则必成。”梦想如号角，吹响亿万人民团结奋斗的时代旋律；梦想如画笔，绘写民族伟大复兴的万千气象。不管有多少涉滩之险、多少爬坡之艰、多少闯关之难，只要坚定信心、知难而进，一仗接着一仗打，就一定能攻克那些看似不可攻克的难关险阻、创造更多令人刮目相看的人间奇迹，把光荣镌刻在实现伟大梦想的非凡征程上。
今天的中国，梦想接连实现；明天的中国，更加灿烂美好。在充满光荣和梦想的新征程上，我们同舟共济、众志成城，脚步坚定、足音铿锵。让我们更加紧密地团结在以习近平同志为核心的党中央周围，撸起袖子加油干，风雨无阻向前行，为全面建设社会主义现代化国家、全面推进中华民族伟大复兴而团结奋斗，在新时代新征程上赢得更加伟大的胜利和荣光！",1432
http://paper.people.com.cn/rmrb/html/2023-01/01/nw.D110000renmrb_20230101_6-03.htm,“让明天的中国更美好”,,"“我们要一往无前、顽强拼搏，让明天的中国更美好。”国家主席习近平发表二〇二三年新年贺词，深情而坚定的话语，通过广播、电视、网络传遍大江南北。人们聆听着奋进中国的时代之声，感受着经济社会发展的强劲脉动，倍添阔步新征程的信念与信心。
在非凡成就中品味收获的喜悦
炊烟袅袅、茶香四溢……跨年之夜，广西苍梧县山坪村在浓浓的乡土气息中迎接新年的到来。几年前，这个偏远瑶寨还是个远近闻名的贫困村。
“我们巩固脱贫攻坚成果，全面推进乡村振兴”。聆听习近平主席的新年贺词，家乡的巨变如过电影一般在山坪村党支部书记祝雪兰的脑海中闪现。
通过种植茶叶，山坪村乡亲们拔了穷根，吃上了“茶香饭”，走上了“致富路”。
“我们要牢记习近平总书记在参加二十大广西代表团讨论时‘要打出自己的品牌，把茶产业做大做强’的叮嘱，把日子越过越红火。”展望新的一年，祝雪兰充满信心。
今天的中国，是梦想接连实现的中国。
“北京冬奥会、冬残奥会成功举办，冰雪健儿驰骋赛场，取得了骄人成绩。”听到习近平总书记在新年贺词中专门提到冬奥会，北京冬奥会冠军武大靖心潮澎湃。
“能够在北京冬奥会上实现‘家门口夺冠’的梦想，是我的幸运。”武大靖表示，在新的冬奥周期里，他将和队友强化每一次训练，拼好每一场比赛，继续为祖国体育事业增光添彩。
“中国空间站全面建成，我们的‘太空之家’遨游苍穹。”总书记的话语激励着正在太空执行任务的神舟十五号乘组的心。
一个月前，伴随着神舟十五号乘组入驻“天宫”，我国开启中国空间站长期有人驻留的时代。
中国载人航天，筑梦于星辰大海。指令长费俊龙说：“我们一定不辜负党和人民的期望重托，坚决跑好我们这代航天人的历史接力棒。”
今天的中国，是充满生机活力的中国。
夜色中，海南洋浦国际集装箱码头外贸堆场灯火通明，接驳车往来穿梭，一派繁忙景象。
留守值班的海南港航集装箱公司副总经理李捷在手机上认真学习了新年贺词。
“总书记提到了海南自由贸易港蓬勃兴起，这让我倍感振奋。”李捷说，作为海南自贸港建设先行区，我们要继续用足用好各项政策，为加快建设具有世界影响力的中国特色自由贸易港作贡献。
今天的中国，是赓续民族精神的中国。
新年贺词中，习近平总书记为过去一年发生的地震、洪水、干旱、山火等自然灾害和一些安全事故揪心难过。
总书记的话语让四川泸定得妥镇湾东水电站职工甘宇红了眼眶。在泸定地震发生时，甘宇不顾个人安危、拉开泄洪闸，挽救了下游村庄。
“灾难面前，中国人的脊梁永远不会垮。”甘宇坚信，中华民族千年传承的浩然之气，将支撑每一个平凡的中国人闯关夺隘、执着前行。
今天的中国，是紧密联系世界的中国。
“我们始终如一珍视和平和发展，始终如一珍惜朋友和伙伴”。习近平主席的讲话，让埃塞俄比亚通讯社记者贝雷克特·西赛深有体会。在中国工作、生活期间，贝雷克特·西赛采访了中共二十大、进博会等重大活动。“中国敞开怀抱，给四海宾朋春风般的暖意，彰显大国气度。”贝雷克特·西赛相信，未来中国智慧、中国方案将会继续为全球发展注入新动力。
在攻坚克难中砥砺前行的勇气
习近平总书记为疫情发生以来广大干部群众特别是医务人员、基层工作者“不畏艰辛、勇毅坚守”点赞。
温暖的话语让武汉大学中南医院重症医学科主任彭志勇回忆起战“疫”的点滴瞬间。他说：“疫情防控进入新阶段，现在仍是吃劲的时候。我们要守住人民生命健康的防线。坚持就是胜利，团结就是胜利。”
路虽远，行则将至；事虽难，做则必成。
辞旧迎新之际，中车长春轨道客车股份有限公司高速动车组装配车间里，崭新的“复兴号”中国标准动车组一字排开，准备驶向祖国各地。
2022年以来，中车长客股份公司克服疫情影响，通过组织人员驻厂复工、精心统筹物料运输等方式，按期完成车辆研制任务。
“正如总书记在贺词中所说，只要笃定信心、稳中求进，就一定能实现我们的既定目标。”中车长客股份公司高级技师胡俊祥说，“我们要继续攻克技术难题，让‘复兴号’跑得更快、行得更稳。”
“犯其至难而图其至远”，新年贺词中引用的这句话让中华书局党委书记周绚隆印象深刻。
“传统文化中蕴含着中华民族攻坚克难、砥砺前行的智慧和勇气。”周绚隆说，我们编纂《复兴文库》，正是希望能有更多人从中华传统文化中得到启迪。
粮稳，则天下安。
听到习近平总书记说“中国人的饭碗端得更牢了”，安徽省阜阳市太和县旧县镇张槐村种粮大户徐淙祥内心十分振奋。
“面对疫情压力、极端天气、农资涨价等挑战，我们依旧创造了粮食生产‘十九连丰’的佳绩，实在不容易。”在徐淙祥看来，粮食生产离不开每个种粮人的努力。“我要继续带动乡亲们多种粮、种好粮，为守护国家粮食安全出力。”
2022年，江泽民同志离开了我们。习近平总书记在回顾过去一年时，深切缅怀江泽民同志的丰功伟绩和崇高风范。
“正如习近平总书记所说，我们要继承江泽民同志的遗志，把新时代中国特色社会主义事业不断推向前进。”江泽民同志母校的老师、江苏扬州市东关小学校长唐开权表示，要更加紧密地团结在以习近平同志为核心的党中央周围，为党和人民培养教育出更多合格的社会主义建设者和接班人。
在美好展望中凝聚奋进的力量
明天的中国，奋斗创造奇迹。
在辽宁沈阳的新松智慧园移动机器人生产车间内，上千台移动机器人正在接受最后的调试，准备发往福建、四川等地。
“新年贺词鼓舞人心、催人奋进。”新松机器人自动化股份有限公司总裁张进表示，作为科技创新企业，将勇于创新，突破更多“卡脖子”的技术难题。
明天的中国，力量源于团结。
在新疆于田县，聆听新年贺词后，库尔班大叔的曾外孙女如克亚木·麦提赛地又津津有味地给家里的小朋友们讲起了库尔班大叔“骑着毛驴上北京”的故事。
“14亿多中国人心往一处想、劲往一处使，同舟共济、众志成城，就没有干不成的事、迈不过的坎。”如克亚木·麦提赛地表示，“我们要牢记总书记的嘱托，像石榴籽一样紧紧抱在一起。”
习近平主席在贺词中提到，今年他去了香港，看到香港将由治及兴十分欣慰。
习近平主席这番话，让香港青年梁婉琳深受鼓舞。她说：“香港好，国家好；国家好，香港更好。依托粤港澳大湾区的快速发展，香港年轻一代一定会有更广阔的人生舞台。”
明天的中国，希望寄予青年。
在中国人民大学教室里，商学院2021级硕士研究生郑琦琦和同学们一起收看了新年贺词。
“2022年五四青年节前夕，习近平总书记寄语大家要在全面建设社会主义现代化国家新征程中勇当开路先锋、争当事业闯将。”郑琦琦说，青年兴则国家兴，作为即将走上工作岗位的青年党员，要厚植家国情怀、涵养进取品格，以奋斗姿态激扬青春，不负时代，不负华年。
习近平总书记在贺词中回顾了党的二十大后不久带领中央政治局常委来到延安的初心之旅。这让延安革命纪念馆馆长茆梅芳感触很深。
“中国共产党百年栉风沐雨、披荆斩棘，历程何其艰辛又何其伟大。我们要讲好党史故事，凝聚起奋进新征程的磅礴力量。”茆梅芳说。
新年贺词一经发表，迅速在互联网上、“朋友圈”中“刷屏”。
“心中有理想，行动有力量。”
“点点星火，汇聚成炬。中国美好的明天需要我们共同书写。”
“每个人都不容易。”
“新年快乐、皆得所愿！”
…………
网友们纷纷写下美好的心愿，祝福祖国繁荣昌盛，期盼春暖花开时、明天会更好。
（新华社北京12月31日电  新华社记者）",2977
http://paper.people.com.cn/rmrb/html/2023-01/01/nw.D110000renmrb_20230101_6-01.htm,贺词里的追梦人,,"新年的钟声敲响，又是朝气蓬勃、充满希望的新一年。
深情回望过去一年难忘瞬间，殷殷寄语新的一年美好前景，习近平主席的新年贺词，在14亿多中国人民心中澎湃激荡。
岁月不居，时光如流。每年的新年贺词中，习近平主席都会深情关切在各条战线、各个岗位上奋斗打拼的追梦人。他们中，有的奔波在田间地头，为乡亲们的幸福美好生活辛勤劳作；有的奋战在科技前沿，为打造大国重器殚精竭虑；有的坚守在抗疫一线，为守护人民群众的生命健康安全夜以继日……在飞逝的时光里，我们看到的、感悟到的中国，是一个坚韧不拔、欣欣向荣的中国。这里有可亲可敬的人民，有日新月异的发展，有赓续传承的事业。
踔厉奋发，笃行不怠。十年砥砺奋进，党和国家事业取得历史性成就、发生历史性变革，凝结着新时代奋斗者的心血和汗水，彰显了不同凡响的中国风采、中国力量。
我们都在努力奔跑，我们都是追梦人。历史长河波澜壮阔，一代又一代人接续奋斗创造了今天的中国。新征程上再出发，不管乱云飞渡、风吹浪打，我们都将以坚如磐石的信心、只争朝夕的劲头、坚韧不拔的毅力，一步一个脚印把前无古人的伟大事业推向前进！
“280多万驻村干部、第一书记，工作很投入、很给力”
——我们经过接续奋斗，实现了小康这个中华民族的千年梦想，历史性地解决了绝对贫困问题，为全球减贫事业作出了重大贡献
数九寒冬，祖国西部边陲帕米尔高原，寒风凛冽、滴水成冰。新疆阿克陶县布伦口乡党委书记李文娟这几天忙着琢磨产业发展的“新招”。
“今年我们要做大做强牦牛合作社，还要在骑牦牛、看牦牛、领养牦牛上做文章，延伸产业链，让老百姓的腰包更鼓。”李文娟说。
“历经8年，现行标准下近1亿农村贫困人口全部脱贫，832个贫困县全部摘帽。”在二〇二一年新年贺词中，习近平主席的郑重宣告让全国人民为之振奋。
同年7月1日，习近平总书记在天安门城楼上代表党和人民庄严宣告：“经过全党全国各族人民持续奋斗，我们实现了第一个百年奋斗目标，在中华大地上全面建成了小康社会，历史性地解决了绝对贫困问题”。
千年梦想，今朝梦圆。我们完成脱贫攻坚、全面建成小康社会的历史任务，实现了第一个百年奋斗目标。
“农村转移人口市民化更便利了，许多贫困地区孩子们上学条件改善了”。
“‘安得广厦千万间，大庇天下寒士俱欢颜！’340万贫困人口实现易地扶贫搬迁、有了温暖的新家”。
“280多万驻村干部、第一书记，工作很投入、很给力，一定要保重身体。”
“这些年，我去了全国14个集中连片特困地区，乡亲们愚公移山的干劲，广大扶贫干部倾情投入的奉献，时常浮现在脑海。”
重温这些年的新年贺词，脱贫、小康，习近平主席一直念兹在兹。以习近平同志为核心的党中央把脱贫攻坚摆在治国理政突出位置，力度之大、规模之广、影响之深前所未有。
这是一诺千金的庄严承诺：“全面建成小康社会，一个民族都不能少”“决不能落下一个贫困地区、一个贫困群众”……习近平总书记亲自挂帅、亲自出征、亲自督战，明确时间表、路线图，战鼓催征，全党全社会广泛动员，全面打响人类历史上规模最大的脱贫攻坚战。
这是波澜壮阔的全国行动：从西海固到西南边陲，从乌蒙山区到秦巴腹地……到2020年底，25.5万个驻村工作队、300多万名第一书记和驻村干部、近200万名乡镇干部和数百万村干部，同群众想在一起、干在一起，一张张军令状直指贫中之贫、坚中之坚。
在决战脱贫攻坚、决胜全面小康的战场上，无数追梦人在困难面前豁得出，关键时候顶得上，把心血和汗水洒遍千山万水、千家万户。
云南省怒江傈僳族自治州贡山独龙族怒族自治县独龙江乡，山高谷深，自然条件恶劣。
2014年元旦前夕，贡山县干部群众致信习近平总书记，汇报当地经济社会发展和人民生活改善情况。收到信后，习近平总书记立即作出重要批示。在二〇二〇年新年贺词中，习近平主席再次提到云南贡山独龙族群众。
习近平主席的殷殷话语，给了当地群众无穷的追梦奋斗动力。多年来，贡山县“老县长”高德荣和当地党员干部带着大家斩穷根、去穷病。如今的独龙江乡，公路隧道贯通，1000余户群众全部住进了新房，特色种植养殖产业遍地开花，5G网络、广播电视信号覆盖全乡……
千里之外，冬夜里的福建省寿宁县下党乡，流光溢彩、灯火璀璨。这里，也是新年贺词里让习近平主席牵挂的地方。
“从前的下党乡，没有公路、没有自来水。”福建省寿宁县下党乡党委原副书记刘明华感慨颇多。乡党委带着支部干、支部带着党员干、党员带着群众干，如今，下党乡路通、水通、电通，古村落改造成了商业步行街，生态旅游发展之路越走越宽敞。
提起新年贺词里“把青春和生命献给脱贫事业的黄文秀”，人们眼前总会浮现那美丽文静的笑脸。
2016年，黄文秀毕业后返乡工作。2018年3月，她又主动申请到条件艰苦的广西壮族自治区乐业县新化镇百坭村担任驻村第一书记。一年多时间，黄文秀带领干部群众帮助全村88户418人脱贫。直到遇难前的最后一个工作日，她还在开会讨论村里工作，查看被山洪冲断的农田灌溉渠道……
三十五年如一日扎根太行山、用科技把荒山秃岭抛进历史的李保国，率众在绝壁凿出“生命渠”、用实干兑现“水过不去、拿命来铺”的黄大发，扎根脱贫一线、担任湖南炎陵县委书记的9年里走遍全县120个村庄的黄诗燕……
中华大地上全面建成小康社会，第一个百年奋斗目标如期实现，背后是千千万万追梦人的接续奋斗、倾情奉献。他们以热血赴使命、以行动践诺言，凝聚起战胜一切艰难险阻的磅礴伟力，让无数人的命运因此而改变、无数人的梦想因此而实现、无数人的幸福因此而成就！
前行之路，步履铿锵。“实现第二个百年奋斗目标也就是一两代人的事，我们正逢其时、不可辜负，要作出我们这一代的贡献。”2022年10月28日，习近平总书记在河南安阳考察时殷殷嘱托。
从脱贫攻坚到乡村振兴，从全面建成小康社会到全面建成社会主义现代化强国，迈上实现第二个百年奋斗目标的新征程，年轻一代正接过时代的接力棒，把青春热血镌刻在历史的丰碑上！
“这些成就是全国各族人民撸起袖子干出来的，是新时代奋斗者挥洒汗水拼出来的”
——我们贯彻新发展理念，着力推进高质量发展，推动构建新发展格局，实施供给侧结构性改革，我国经济实力实现历史性跃升
东部多个省份“包机出海”抢订单、中部不少城市集中开工重大项目、西部许多地方忙着招商推介……各地抢抓时间、鼓起干劲，经济活力加快升腾，市场信心持续恢复。
“长江两岸绿意盎然，建三江万亩大地号稻浪滚滚，深圳前海生机勃勃，上海张江活力四射，港珠澳大桥飞架三地……这些成就是全国各族人民撸起袖子干出来的，是新时代奋斗者挥洒汗水拼出来的。”在二〇一九年新年贺词中，习近平主席深情说道。
新时代十年，是我国经济社会发展取得历史性成就、发生历史性变革、转向高质量发展的十年——
我国继续保持世界第二大经济体的地位，经济稳健发展，2022年全年国内生产总值预计超过120万亿元。面对全球粮食危机，我国粮食生产实现“十九连丰”，中国人的饭碗端得更牢了。
十年来，以习近平同志为核心的党中央，把握从“有没有”转向“好不好”的发展主动，领航中国经济巨轮驶入高质量发展航道，推动经济发展质量变革、效率变革、动力变革。放眼神州大地，各自由贸易试验区、海南自由贸易港蓬勃兴起，沿海地区踊跃创新，中西部地区加快发展，东北振兴蓄势待发，边疆地区兴边富民。中国经济韧性强、潜力大、活力足，长期向好的基本面依然不变。只要笃定信心、稳中求进，就一定能实现我们的既定目标。
湘江北去，橘子洲头。在湖南长沙经济技术开发区，山河智能装备股份有限公司挖掘机研究院院长范峥嵘正与同事们一起在试验场开展科研攻关。
近年来，范峥嵘参与研发的具有自主知识产权的挖掘机产品达16个型号，他与同事们一起攻克了不少技术难关，让新一代产品在外观造型、性能指标和综合可靠性等方面都实现飞跃。
“自主创新是企业的生命，是企业爬坡过坎、发展壮大的根本。关键核心技术必须牢牢掌握在自己手里。”范峥嵘说，“作为一名工程师，我深感责任重大，必须牢牢抓住自主创新这条生命线，坚持创新驱动发展，才能在国际市场赢得主动”。
汽笛鸣响，一列“长安号”中欧班列正缓缓驶出西安国际港站。85后集卡司机丁磊转运的集装箱，正启程“出远门”。50个集装箱满载冰箱、洗衣机等家电，将于十几天后抵达“一带一路”沿线的欧洲国家。
“一年比一年忙。作为司机，也最盼着忙。”丁磊笑呵呵地说，“2022年，‘长安号’开行量首次突破4000列。我们的工作节奏也成倍加快。”小小的驾驶室，满是忙碌的痕迹：保温壶里，早上灌的热水，中午还没打开；旁边的大饭盒，透着余温，却顾不上扒拉一口……运货更多了，腰包更鼓了，丁磊把老家的房子整葺一新，“了了多年的心愿。”
“先行先试变成了示范引领，探索创新成为了创新引领。”对二〇二一年新年贺词，香港青年陈升有着特别的感受。他说，“置身春潮涌动的南海之滨，我感慨良多。”
距离深圳湾不远的前海深港青年梦工场，是陈升梦开始的地方。2015年，前海深港青年梦工场启用，陈升和伙伴们是第一批入驻团队。如今，梦工场已累计孵化创业团队600多家。“越来越多港澳青年融入大湾区奋斗逐梦，让青春在这里绽放！”他说。
新时代十年，随着互联网经济等新经济形态的迅猛发展，快递业快速增长。我国日均快递业务量达3亿件，收寄快递成为新开门“七件事”之一。一包一裹、一收一派，快递小哥成了服务广大人民群众不可或缺的角色。
“快递小哥、环卫工人、出租车司机以及千千万万的劳动者，还在辛勤工作，我们要感谢这些美好生活的创造者、守护者。”在二〇一九年新年贺词中，习近平主席饱含深情地说。
2019年春节前夕，北京前门石头胡同快递站点，刘阔和同事们遇到了前来看望他们的习近平总书记。听说大家年三十才能回家，总书记说，“快递小哥”工作很辛苦，起早贪黑、风雨无阻，越是节假日越忙碌，像勤劳的小蜜蜂，是最辛勤的劳动者，为大家生活带来了便利。这席话，温暖着刘阔的心窝。
这是一个属于奋斗者的时代，每个人都在奔跑中拥抱梦想，用汗水浇灌未来。一个个努力拼搏的追梦人，共同绘就了同心共圆中国梦的壮阔画卷。
“我要向每一位科学家、每一位工程师、每一位‘大国工匠’、每一位建设者和参与者致敬”
——我们加快推进科技自立自强，一些关键核心技术实现突破，战略性新兴产业发展壮大，进入创新型国家行列
“神舟十三号、十四号、十五号接力腾飞，中国空间站全面建成，我们的‘太空之家’遨游苍穹。”在二〇二三年新年贺词中，习近平主席点赞“太空之家”。
2022年12月2日晚，一个特殊的交接仪式在距离地球400公里的中国空间站举行，神舟十四号乘组指令长陈冬向神舟十五号乘组指令长费俊龙移交了中国空间站的钥匙。
这是中国航天员乘组完成的首次在轨交接。多年来，筑梦苍穹的过程，就是一棒交接一棒的接力赛，背后是广大科技工作者不惧艰辛、攻坚克难的付出和努力。
纵观人类发展史，创新始终是一个国家、一个民族发展的不竭动力和生产力提升的关键要素。谁走好了科技创新这步先手棋，谁就能占领先机、赢得优势。
新年贺词中，习近平主席多次为中国制造、中国创造、中国建造点赞，为中国人民迸发出来的创造伟力喝彩：
“我国自主研制的C919大型客机总装下线，中国超级计算机破世界纪录蝉联‘六连冠’，我国科学家研制的暗物质探测卫星发射升空”。
“我要向每一位科学家、每一位工程师、每一位‘大国工匠’、每一位建设者和参与者致敬”。
“嫦娥四号在人类历史上第一次登陆月球背面，长征五号遥三运载火箭成功发射，雪龙2号首航南极，北斗导航全球组网进入冲刺期，5G商用加速推出，北京大兴国际机场‘凤凰展翅’……”
“‘天问一号’、‘嫦娥五号’、‘奋斗者’号等科学探测实现重大突破。”
党的十八大以来，习近平总书记高度重视科技创新，提出一系列重大论断，发表一系列重要论述，亲自谋划、亲自部署、亲自推动一系列重大战略举措，擘画了我国科技创新发展的宏伟蓝图，走出了一条从人才强、科技强到产业强、经济强、国家强的创新发展新路径。
2019年1月3日，嫦娥四号探测器顺利在月球背面预选区成功着陆，探测器系统总设计师孙泽洲与同事们激动得紧紧拥抱在一起。探月工程，圆了中华民族自强不息的飞天揽月之梦，工程全线数万名科技工作者都是追梦人。“习近平总书记的重要讲话指引着我们不断追求新的梦想，不断实现新的突破。”孙泽洲说。
2022年12月26日，好消息传来，我国自行研制、具有自主知识产权的C919大型客机交付东航的全球首架机的首班验证飞行开启。C919的起飞，是中华民族“大飞机梦”的腾飞。“我们要做一个强国，就一定要把装备制造业搞上去，把大飞机搞上去，起带动作用、标志性作用。”习近平总书记的嘱托，中国商飞公司上海飞机制造有限公司技术专家孟见新心中时时牢记。他用工匠精神要求自己：“要干就要干到极致！造飞机，不能没匠心！”
伶仃洋上，一桥飞架三地，如同海上巨龙。
“人工建岛和海底沉管隧道，当时对我们来说都是‘超级难题’。”港珠澳大桥管理局总工程师苏权科介绍，“港珠澳大桥是一座名副其实的科技大桥，在这些世界级挑战的背后，是一系列创新攻坚和科技支撑的强力驱动。”
2万多名施工人员、1000多名科研设计人员，经历无数个日日夜夜，终于托举起这座世界级工程……“我们将不负习近平总书记嘱托，逢山开路、遇水搭桥，继续攀登新的高峰！”苏权科振奋地说。
党的二十大报告提出，我国全社会研发经费支出从1万亿元增加到2.8万亿元。国家创新能力综合排名上升至世界第十一位，累计授权发明专利395.3万件。
国产C919大飞机市场化运营加速，时速600公里高速磁浮试验样车下线，高性能装备、智能机器人、增材制造、激光制造等技术有力推动“中国制造”迈向更高水平，5G移动通信技术率先实现规模化应用……新时代十年，我们坚定不移走自主创新道路，把创新发展主动权牢牢掌握在自己手中。
当前，世界新一轮科技革命和产业变革加速演进和拓展，科技创新正在深刻改变世界发展格局，我国发展面临千载难逢的历史机遇。
习近平总书记在党的二十大报告中指出：“必须坚持科技是第一生产力、人才是第一资源、创新是第一动力，深入实施科教兴国战略、人才强国战略、创新驱动发展战略，开辟发展新领域新赛道，不断塑造发展新动能新优势。”
于危机中育先机、于变局中开新局。新征程上，我们要坚定创新自信，抢抓创新机遇，勇攀科技高峰，破解发展难题，加快实现高水平科技自立自强，加快建设科技强国。
“广大人民群众坚持爱国奉献，无怨无悔，让我感到千千万万普通人最伟大，同时让我感到幸福都是奋斗出来的”
——社会主义核心价值观广泛传播，全党全国各族人民文化自信明显增强、精神面貌更加奋发昂扬
“广大人民群众坚持爱国奉献，无怨无悔，让我感到千千万万普通人最伟大，同时让我感到幸福都是奋斗出来的。”在二〇一八年新年贺词中，习近平主席谈到了之前回信的南开大学新入伍的大学生。
在习近平主席的勉励下，这群年轻人完成了从地方大学生到青年军人的蜕变。这些年来，他们有的在军营建功立业，有的退役不褪色，在“第二战场”拼搏奋斗，续写绚烂的青春篇章。
“明天的中国，希望寄予青年。青年兴则国家兴，中国发展要靠广大青年挺膺担当。年轻充满朝气，青春孕育希望。广大青年要厚植家国情怀、涵养进取品格，以奋斗姿态激扬青春，不负时代，不负华年。”在二〇二三年新年贺词中，习近平主席深情地说。
好儿女志在四方，有志者奋斗无悔。如今，越来越多的有志青年到祖国和人民最需要的地方去建功立业，把艰苦和磨砺当成人生精彩篇章的序曲，绽放绚丽的青春之花。
“豁出命改变她们的命，值！”“七一勋章”获得者、云南丽江华坪女子高级中学校长张桂梅扎根贫困地区40余年，帮助近2000名女孩走出大山。
张桂梅的奉献，激励着越来越多青年投身山区教育。周云丽是华坪女高的第一届学生，因家庭贫困面临失学的她，在华坪女高得到了继续读书的机会。2015年，听说母校缺老师，她毫不犹豫回校。如今，周云丽已成为学校的骨干教师，和许多老师一起，接过了校长张桂梅手中的接力棒。
追梦人在一次次接力中完成了梦想的传递。
习近平主席在二〇一五年新年贺词中说：“对一切为国家、为民族、为和平付出宝贵生命的人们，不管时代怎样变化，我们都要永远铭记他们的牺牲和奉献。”
2022年9月17日上午，第九批在韩中国人民志愿军烈士遗骸安葬仪式在沈阳抗美援朝烈士陵园举行。苍松低吟，翠柏肃立，“抗美援朝烈士英灵永垂不朽”题字更显遒劲。
山河无恙，英雄归来。陵园下沉式纪念广场中央，环形烈士英名墙下摆满了黄白相间的菊花，寄托着人们的深切哀思。戴着红领巾的学生搀扶着志愿军老战士走在前面，一颗颗源自伟大抗美援朝精神的种子播撒在少先队员们的心田。
一场场唤醒历史的纪念，一次次触动心灵的激励。“英雄的事迹永远铭记在我们心中。每当辞旧迎新，总会念及中华民族千年传承的浩然之气，倍增前行信心。”在二〇二三年新年贺词中，习近平主席说。
奋斗，是革命先烈前赴后继的无畏身影，是青年突击队、青年志愿垦荒队在山川大地树起的鲜艳旗帜，是“团结起来，振兴中华”的时代强音，是“清澈的爱、只为中国”的深情告白，是“请党放心、强国有我”的铿锵誓言……
“让更多人参与到冰雪运动中来，这也是奥林匹克运动的题中之义。我们将竭诚为世界奉献一届奥运盛会。世界期待中国，中国做好了准备。”在二〇二二年新年贺词中，习近平主席向全世界宣告。
北京冬奥会、冬残奥会成功举办，冰雪健儿驰骋赛场，取得了骄人成绩。中国单板滑雪运动员苏翊鸣收获金、银牌，为中国冰雪运动取得历史性突破。十年磨一剑。苏翊鸣曾一周滑坏4块雪板，冬天去雪场练，夏天跳模拟气垫，“不知道经过多少次失败才能解锁一个新动作”。
北京冬奥会夺冠后，苏翊鸣给习近平总书记写了一封信。“翊鸣同学：你好！来信收悉。”总书记的回信，苏翊鸣读了一遍又一遍，他说：“小时候戴红领巾，长大披五星红旗。对一份心中所爱，都能去试一下拼一把，是这个时代给我们青年人的礼物！”
“疫情发生以来，我们始终坚持人民至上、生命至上，坚持科学精准防控，因时因势优化调整防控措施，最大限度保护了人民生命安全和身体健康。广大干部群众特别是医务人员、基层工作者不畏艰辛、勇毅坚守。经过艰苦卓绝的努力，我们战胜了前所未有的困难和挑战，每个人都不容易。”在二〇二三年新年贺词中，习近平主席这样说。
广大医务工作者义无反顾、逆行出征，白衣执甲、不负重托，英勇无畏冲向疫情防控斗争第一线，用实际行动践行了敬佑生命、救死扶伤、甘于奉献、大爱无疆的崇高精神。460多万个基层党组织冲锋陷阵，400多万名社区工作者在全国65万个城乡社区日夜值守，让党旗在抗疫第一线高高飘扬……一个个动人故事，闪耀着平凡而伟大的光芒。以爱国主义为核心的民族精神，始终指引着梦想的方向。
在塞罕坝机械林场海拔1900米的月亮山上，矗立着一座“望海楼”。刘军、王娟夫妇每天要对森林进行定时瞭望。24年来，夫妻俩过着几乎“与世隔绝”的生活。“干林业苦不苦？苦！但不吃这份苦，哪来的山青水碧天蓝？”看到漫山遍野的林子，夫妻俩觉得很欣慰。
“黄河安澜，国泰民安”，浓缩了中华儿女的千年夙愿。山东省东营市垦利区黄河河务局义和管理段段长陈建武十多年来一直守护在这126公里的沿黄岸线。每年汛期，他就成了段上的“常住人口”，巡堤查险、夜探根石、工程管护……24小时连轴转。这十年，上游调水调沙、下游疏浚河道，陈建武明显感受到黄河水生态环境日益改善。
平凡铸就伟大，英雄来自人民。“向所有平凡的英雄致敬！我为伟大的祖国和人民而骄傲，为自强不息的民族精神而自豪！”在二〇二一年新年贺词中，习近平主席的话语振聋发聩。
千千万万中华儿女坚持爱国奉献，无怨无悔，以奋斗的底色和奔跑的姿态，朝着心中的梦想进发，绘成一幅为实现中华民族伟大复兴而奋斗的壮丽图景。
“人民子弟兵永远是保卫祖国的钢铁长城，让我们向守护家园的忠诚卫士们致敬！”
——人民军队体制一新、结构一新、格局一新、面貌一新，现代化水平和实战能力显著提升，中国特色强军之路越走越宽广
深情的祝福，殷切的关怀，伴随着新年钟声传遍神州大地，传到全军官兵。
“人民军队迎来95岁生日，广大官兵在强军伟业征程上昂扬奋进。第三艘航母‘福建号’下水……”在二〇二三年新年贺词中，习近平主席说。
从林海雪原到天涯海角，从西北大漠到东南沿海，从中原腹地到万里边关……聆听习近平主席发表的二〇二三年新年贺词，全军官兵心潮澎湃、倍感温暖。
同基层官兵在一起的照片，多次出现在习近平主席身后的书架上。踏边关、走戈壁、登战机、上战舰……这一张张定格的画面，诉说着基层官兵在统帅心中的特殊位置。
党的十八大以来，中国特色社会主义进入新时代，国防和军队建设也进入新时代。
人民军队这十年，是浴火重生的十年，是强军兴军的十年，是阔步迈向世界一流的十年。强军事业取得历史性成就、发生历史性变革，我军现代化水平和实战能力显著提升，中国特色强军之路越走越宽广。
每年新年贺词中提到的闪亮名字，更是号角催征、鼓舞士气：
——“一辈子深藏功名、初心不改的张富清”。
曾是西北野战军突击队员的张富清，冒着枪林弹雨，立下卓著战功。1955年，他退役转业，主动选择到湖北省最偏远的来凤县工作，为贫困山区默默奉献一生，即使生活过得并不宽裕，他也没向组织提过任何要求。直到2018年底，国家开展退役军人信息登记，他隐藏半个多世纪的战功才得以被发现。
——“用自己身体保护战友的杜富国”。
2018年10月，云南边境排雷行动中，面对不明爆炸物，陆军某扫雷排爆大队战士杜富国对战友喊出“你退后，让我来”，却在进一步查明情况时突遇爆炸，失去双手双眼，同组战友安然无恙。没有双手双眼，还能做什么？杜富国记得习近平主席“把身体养好”的叮嘱，他说：“我还有一双完整的腿，我可以继续为梦想奔跑！”
——“全军英模挂像里多了林俊德和张超两位同志”。
林俊德，中国爆炸力学与核试验工程领域著名专家、中国工程院院士。他隐姓埋名，投身我国国防科技领域50余年，即使在生命最后一刻，也争分夺秒，整理重要科研资料。他说：“我这辈子只做了一件事，就是核试验，我很满意。”
张超，海军某舰载航空兵部队正营职中队长，一级飞行员。2016年4月，他驾驶117号歼—15飞机进入着“舰”航线，已经接地滑跑的飞机突报“电传故障”，猛然下坠。张超竭尽全力推操纵杆，力图避免战机损毁。弹射跳伞后，他被重重摔下，壮烈牺牲。
…………
“人民子弟兵永远是保卫祖国的钢铁长城，让我们向守护家园的忠诚卫士们致敬！”习近平主席牵挂着人民子弟兵，以及许许多多无怨无悔、倾情奉献的无名英雄。
他们把热血和青春献给了国防和军队现代化事业，以普通人的平凡书写了不平凡的人生。他们是新时代最可爱的人，永远值得我们怀念和学习。
见贤思齐、崇尚英雄、争做先锋。官兵们纷纷表示，一定要时刻牢记习主席的深切关怀和殷殷嘱托，全面加强练兵备战，高标准完成好各项任务，为实现党在新时代的强军目标、把人民军队全面建成世界一流军队不懈奋斗。
“大家跟我说了很多心里话，我一直记在心上。”温暖的话语直抵人心，在二〇二〇年新年贺词中，习近平主席专门提到了给“王杰班”全体战士回信，坐在电视机前的陆军第71集团军某旅“王杰班”全体战士激动万分。
2017年12月13日，党的十九大后，习近平主席第一次出京视察部队，再次来到了连队。“来，咱们坐下聊一聊！”在“王杰班”座谈交流时，习近平主席随和地招呼大家。战士们围拢在习主席周围，脸上洋溢着发自内心的喜悦。
“王杰的枪，我们扛……”嘹亮的连歌，记录下官兵对王杰精神的传承。2017年，“王杰班”由工兵班调整组建为装甲步兵班，同时换装某新型步兵战车。“再苦再难也要迈过转型这道坎！”面向老班长王杰的雕塑，全班战士立下铮铮誓言。他们坚持苦练硬功，列装不足百天，就在新装备首次实弹射击中首发命中、发发命中。
新时代强军征程，波澜壮阔。在以习近平同志为核心的党中央坚强领导下，人民军队坚定不移走中国特色强军之路，实现整体性革命性重塑，正以不可阻挡的步伐迈向世界一流。
雄关漫道真如铁，而今迈步从头越。如期实现建军一百年奋斗目标，是党的意志、人民的期盼，是人民军队必须扛起的时代重任、必须交出的历史答卷。
广大官兵纷纷表示，要更加紧密地团结在以习近平同志为核心的党中央周围，全面贯彻习近平新时代中国特色社会主义思想和党的二十大精神，强化思想引领，强化担当作为，强化工作落实，奋力实现建军一百年奋斗目标，打开强军事业发展新局面！

今天，我们比历史上任何时期都更接近、更有信心和能力实现中华民族伟大复兴的目标。
今天，我们也更清醒地认识到“中华民族伟大复兴绝不是轻轻松松、敲锣打鼓就能实现的，也绝不是一马平川、朝夕之间就能到达的”。
点点星火，汇聚成炬。幸福都是奋斗出来的，成功总是属于积极进取、不懈追求的人们。新时代的伟大成就，是全国各族人民撸起袖子干出来的，是新时代奋斗者挥洒汗水拼出来的。
新故相推，日生不滞。温暖的、明媚的2023年的阳光照在我们脸上，坚实的大地上跃动着无数追梦人前行的身影。党的二十大擘画了全面建设社会主义现代化国家、以中国式现代化全面推进中华民族伟大复兴的宏伟蓝图，吹响了奋进新征程的时代号角。要把这个蓝图变为现实，必须不驰于空想、不骛于虚声，一步一个脚印，踏踏实实干好工作。
梦想有多么伟大，征程就有多么壮阔。
明天的中国，奋斗创造奇迹。我们通过奋斗，披荆斩棘，走过了万水千山，创造了无数辉煌。我们还要继续奋斗，勇往直前，只要有愚公移山的志气、滴水穿石的毅力，脚踏实地，埋头苦干，积跬步以至千里，就一定能够把宏伟目标变为美好现实，创造更加灿烂的辉煌！",10482
http://paper.people.com.cn/rmrb/html/2023-01/01/nw.D110000renmrb_20230101_7-03.htm,中国将继续加快实施创新驱动发展战略，同世界共享创新发展成果,,"新华社北京12月30日电  （记者马卓言）外交部发言人汪文斌30日表示，中国将继续加快实施创新驱动发展战略，坚持创新在现代化建设全局中的核心地位，同世界共享创新发展成果。
当日例行记者会上，有记者问：近日，《2022年中国知识产权发展状况评价报告》发布，其中提到中国在知识产权强国建设的国际化方面取得积极进展，请问发言人对此有何评论？
汪文斌表示，中国一贯高度重视并积极致力于保护知识产权，为提升创新发展水平，推动高质量发展提供了有效支撑。世界知识产权组织发布2022年全球创新指数排名，中国从2012年的第三十四位上升至第十一位。《世界知识产权指标》报告也显示，2021年中国有效专利数量排名全球第一。
他说，中国在加强自身知识产权建设的同时深度参与知识产权国际合作。中国已正式加入《工业品外观设计国际注册海牙协定》和版权方面的马拉喀什条约，正式签署中欧地理标志保护与合作协定，实现了244个中欧地理标志产品互认互保。中文也已成为国际植物新品种保护联盟工作语言。知识产权国际化有力支撑共建“一带一路”，2022年向境外转让或许可过专利的中国企业中，有37.9%向共建“一带一路”国家或地区许可或转让过专利。
“这份成绩单充分说明，中国加强知识产权保护、坚持走创新发展之路取得实实在在的成效，同时也为全球创新发展作出了积极贡献。”汪文斌说。
汪文斌表示，创新是人类社会发展进步的强大动力，中国将继续加快实施创新驱动发展战略，坚持创新在现代化建设全局中的核心地位，加强国际交流合作，同世界共享创新发展成果。",652
http://paper.people.com.cn/rmrb/html/2023-01/01/nw.D110000renmrb_20230101_7-01.htm,“让明天的中国更美好”,,"“我们要一往无前、顽强拼搏，让明天的中国更美好。”国家主席习近平发表二〇二三年新年贺词，深情而坚定的话语，通过广播、电视、网络传遍大江南北。人们聆听着奋进中国的时代之声，感受着经济社会发展的强劲脉动，倍添阔步新征程的信念与信心。
在非凡成就中品味收获的喜悦
炊烟袅袅、茶香四溢……跨年之夜，广西苍梧县山坪村在浓浓的乡土气息中迎接新年的到来。几年前，这个偏远瑶寨还是个远近闻名的贫困村。
“我们巩固脱贫攻坚成果，全面推进乡村振兴”。聆听习近平主席的新年贺词，家乡的巨变如过电影一般在山坪村党支部书记祝雪兰的脑海中闪现。
通过种植茶叶，山坪村乡亲们拔了穷根，吃上了“茶香饭”，走上了“致富路”。
“我们要牢记习近平总书记在参加二十大广西代表团讨论时‘要打出自己的品牌，把茶产业做大做强’的叮嘱，把日子越过越红火。”展望新的一年，祝雪兰充满信心。
今天的中国，是梦想接连实现的中国。
“北京冬奥会、冬残奥会成功举办，冰雪健儿驰骋赛场，取得了骄人成绩。”听到习近平总书记在新年贺词中专门提到冬奥会，北京冬奥会冠军武大靖心潮澎湃。
“能够在北京冬奥会上实现‘家门口夺冠’的梦想，是我的幸运。”武大靖表示，在新的冬奥周期里，他将和队友强化每一次训练，拼好每一场比赛，继续为祖国体育事业增光添彩。
“中国空间站全面建成，我们的‘太空之家’遨游苍穹。”总书记的话语激励着正在太空执行任务的神舟十五号乘组的心。
一个月前，伴随着神舟十五号乘组入驻“天宫”，我国开启中国空间站长期有人驻留的时代。
中国载人航天，筑梦于星辰大海。指令长费俊龙说：“我们一定不辜负党和人民的期望重托，坚决跑好我们这代航天人的历史接力棒。”
今天的中国，是充满生机活力的中国。
夜色中，海南洋浦国际集装箱码头外贸堆场灯火通明，接驳车往来穿梭，一派繁忙景象。
留守值班的海南港航集装箱公司副总经理李捷在手机上认真学习了新年贺词。
“总书记提到了海南自由贸易港蓬勃兴起，这让我倍感振奋。”李捷说，作为海南自贸港建设先行区，我们要继续用足用好各项政策，为加快建设具有世界影响力的中国特色自由贸易港作贡献。
今天的中国，是赓续民族精神的中国。
新年贺词中，习近平总书记为过去一年发生的地震、洪水、干旱、山火等自然灾害和一些安全事故揪心难过。
总书记的话语让四川泸定得妥镇湾东水电站职工甘宇红了眼眶。在泸定地震发生时，甘宇不顾个人安危、拉开泄洪闸，挽救了下游村庄。
“灾难面前，中国人的脊梁永远不会垮。”甘宇坚信，中华民族千年传承的浩然之气，将支撑每一个平凡的中国人闯关夺隘、执着前行。
今天的中国，是紧密联系世界的中国。
“我们始终如一珍视和平和发展，始终如一珍惜朋友和伙伴”。习近平主席的讲话，让埃塞俄比亚通讯社记者贝雷克特·西赛深有体会。在中国工作、生活期间，贝雷克特·西赛采访了中共二十大、进博会等重大活动。“中国敞开怀抱，给四海宾朋春风般的暖意，彰显大国气度。”贝雷克特·西赛相信，未来中国智慧、中国方案将会继续为全球发展注入新动力。
在攻坚克难中砥砺前行的勇气
习近平总书记为疫情发生以来广大干部群众特别是医务人员、基层工作者“不畏艰辛、勇毅坚守”点赞。
温暖的话语让武汉大学中南医院重症医学科主任彭志勇回忆起战“疫”的点滴瞬间。他说：“疫情防控进入新阶段，现在仍是吃劲的时候。我们要守住人民生命健康的防线。坚持就是胜利，团结就是胜利。”
路虽远，行则将至；事虽难，做则必成。
辞旧迎新之际，中车长春轨道客车股份有限公司高速动车组装配车间里，崭新的“复兴号”中国标准动车组一字排开，准备驶向祖国各地。
2022年以来，中车长客股份公司克服疫情影响，通过组织人员驻厂复工、精心统筹物料运输等方式，按期完成车辆研制任务。
“正如总书记在贺词中所说，只要笃定信心、稳中求进，就一定能实现我们的既定目标。”中车长客股份公司高级技师胡俊祥说，“我们要继续攻克技术难题，让‘复兴号’跑得更快、行得更稳。”
“犯其至难而图其至远”，新年贺词中引用的这句话让中华书局党委书记周绚隆印象深刻。
“传统文化中蕴含着中华民族攻坚克难、砥砺前行的智慧和勇气。”周绚隆说，我们编纂《复兴文库》，正是希望能有更多人从中华传统文化中得到启迪。
粮稳，则天下安。
听到习近平总书记说“中国人的饭碗端得更牢了”，安徽省阜阳市太和县旧县镇张槐村种粮大户徐淙祥内心十分振奋。
“面对疫情压力、极端天气、农资涨价等挑战，我们依旧创造了粮食生产‘十九连丰’的佳绩，实在不容易。”在徐淙祥看来，粮食生产离不开每个种粮人的努力。“我要继续带动乡亲们多种粮、种好粮，为守护国家粮食安全出力。”
2022年，江泽民同志离开了我们。习近平总书记在回顾过去一年时，深切缅怀江泽民同志的丰功伟绩和崇高风范。
“正如习近平总书记所说，我们要继承江泽民同志的遗志，把新时代中国特色社会主义事业不断推向前进。”江泽民同志母校的老师、江苏扬州市东关小学校长唐开权表示，要更加紧密地团结在以习近平同志为核心的党中央周围，为党和人民培养教育出更多合格的社会主义建设者和接班人。
在美好展望中凝聚奋进的力量
明天的中国，奋斗创造奇迹。
在辽宁沈阳的新松智慧园移动机器人生产车间内，上千台移动机器人正在接受最后的调试，准备发往福建、四川等地。
“新年贺词鼓舞人心、催人奋进。”新松机器人自动化股份有限公司总裁张进表示，作为科技创新企业，将勇于创新，突破更多“卡脖子”的技术难题。
明天的中国，力量源于团结。
在新疆于田县，聆听新年贺词后，库尔班大叔的曾外孙女如克亚木·麦提赛地又津津有味地给家里的小朋友们讲起了库尔班大叔“骑着毛驴上北京”的故事。
“14亿多中国人心往一处想、劲往一处使，同舟共济、众志成城，就没有干不成的事、迈不过的坎。”如克亚木·麦提赛地表示，“我们要牢记总书记的嘱托，像石榴籽一样紧紧抱在一起。”
习近平主席在贺词中提到，今年他去了香港，看到香港将由治及兴十分欣慰。
习近平主席这番话，让香港青年梁婉琳深受鼓舞。她说：“香港好，国家好；国家好，香港更好。依托粤港澳大湾区的快速发展，香港年轻一代一定会有更广阔的人生舞台。”
明天的中国，希望寄予青年。
在中国人民大学教室里，商学院2021级硕士研究生郑琦琦和同学们一起收看了新年贺词。
“2022年五四青年节前夕，习近平总书记寄语大家要在全面建设社会主义现代化国家新征程中勇当开路先锋、争当事业闯将。”郑琦琦说，青年兴则国家兴，作为即将走上工作岗位的青年党员，要厚植家国情怀、涵养进取品格，以奋斗姿态激扬青春，不负时代，不负华年。
习近平总书记在贺词中回顾了党的二十大后不久带领中央政治局常委来到延安的初心之旅。这让延安革命纪念馆馆长茆梅芳感触很深。
“中国共产党百年栉风沐雨、披荆斩棘，历程何其艰辛又何其伟大。我们要讲好党史故事，凝聚起奋进新征程的磅礴力量。”茆梅芳说。
新年贺词一经发表，迅速在互联网上、“朋友圈”中“刷屏”。
“心中有理想，行动有力量。”
“点点星火，汇聚成炬。中国美好的明天需要我们共同书写。”
“每个人都不容易。”
“新年快乐、皆得所愿！”
…………
网友们纷纷写下美好的心愿，祝福祖国繁荣昌盛，期盼春暖花开时、明天会更好。
（新华社北京12月31日电  新华社记者）",2977
http://paper.people.com.cn/rmrb/html/2023-01/01/nw.D110000renmrb_20230101_8-03.htm,中老国际货运班列（攀枝花）首发,,本报成都12月30日电  （记者宋豪新）29日，中老国际货运班列（攀枝花）从四川省攀枝花火车站首发。这是新成昆铁路开通后的第一列以火车整列形式组织川货出川的国际货运班列，以直达方式向东盟国家出口货物。据介绍，首发班列共22车24个集装箱，货值约1000万元人民币，预计3天后到达老挝万象，并将通过接驳铁路或公路通达越南、泰国等东盟国家，相较以往公海联运方式全程节约15天以上。,188
http://paper.people.com.cn/rmrb/html/2023-01/01/nw.D110000renmrb_20230101_1-02.htm,习近平主席十年新年贺词金句,,"2023年
历史长河波澜壮阔，一代又一代人接续奋斗创造了今天的中国。
中国共产党百年栉风沐雨、披荆斩棘，历程何其艰辛又何其伟大。我们要一往无前、顽强拼搏，让明天的中国更美好。
路虽远，行则将至；事虽难，做则必成。只要有愚公移山的志气、滴水穿石的毅力，脚踏实地，埋头苦干，积跬步以至千里，就一定能够把宏伟目标变为美好现实。
中国这么大，不同人会有不同诉求，对同一件事也会有不同看法，这很正常，要通过沟通协商凝聚共识。14亿多中国人心往一处想、劲往一处使，同舟共济、众志成城，就没有干不成的事、迈不过的坎。
2022年
在飞逝的时光里，我们看到的、感悟到的中国，是一个坚韧不拔、欣欣向荣的中国。这里有可亲可敬的人民，有日新月异的发展，有赓续传承的事业。
不忘初心，方得始终。我们唯有踔厉奋发、笃行不怠，方能不负历史、不负时代、不负人民。
中华民族伟大复兴绝不是轻轻松松、敲锣打鼓就能实现的，也绝不是一马平川、朝夕之间就能到达的。我们要常怀远虑、居安思危，保持战略定力和耐心，“致广大而尽精微”。
大国之大，也有大国之重。千头万绪的事，说到底是千家万户的事。
民之所忧，我必念之；民之所盼，我必行之。
2021年
面对突如其来的新冠肺炎疫情，我们以人民至上、生命至上诠释了人间大爱，用众志成城、坚忍不拔书写了抗疫史诗。
平凡铸就伟大，英雄来自人民。每个人都了不起！
改革开放创造了发展奇迹，今后还要以更大气魄深化改革、扩大开放，续写更多“春天的故事”。
胸怀千秋伟业，恰是百年风华。我们秉持以人民为中心，永葆初心、牢记使命，乘风破浪、扬帆远航，一定能实现中华民族伟大复兴。
征途漫漫，惟有奋斗。我们通过奋斗，披荆斩棘，走过了万水千山。我们还要继续奋斗，勇往直前，创造更加灿烂的辉煌！
2020年
我们用汗水浇灌收获，以实干笃定前行。
爱国主义情感让我们热泪盈眶，爱国主义精神构筑起民族的脊梁。这一切，汇聚成礼赞新中国、奋斗新时代的前进洪流，给我们增添了无穷力量。
同往常一样，我无论多忙，都要抽时间到乡亲们中走一走看一看。大家跟我说了很多心里话，我一直记在心上。
历史长河奔腾不息，有风平浪静，也有波涛汹涌。我们不惧风雨，也不畏险阻。中国将坚定不移走和平发展道路，坚定不移维护世界和平、促进共同发展。我们愿同世界各国人民携起手来，积极共建“一带一路”，推动构建人类命运共同体，为创造人类美好未来而不懈努力。
2019年
世界看到了改革开放的中国加速度，看到了将改革开放进行到底的中国决心。我们改革的脚步不会停滞，开放的大门只会越开越大。
一个流动的中国，充满了繁荣发展的活力。我们都在努力奔跑，我们都是追梦人。
人民是共和国的坚实根基，人民是我们执政的最大底气。一路走来，中国人民自力更生、艰苦奋斗，创造了举世瞩目的中国奇迹。新征程上，不管乱云飞渡、风吹浪打，我们都要紧紧依靠人民，坚持自力更生、艰苦奋斗，以坚如磐石的信心、只争朝夕的劲头、坚韧不拔的毅力，一步一个脚印把前无古人的伟大事业推向前进。
2018年
我为中国人民迸发出来的创造伟力喝彩！
广大人民群众坚持爱国奉献，无怨无悔，让我感到千千万万普通人最伟大，同时让我感到幸福都是奋斗出来的。
必须不驰于空想、不骛于虚声，一步一个脚印，踏踏实实干好工作。
我们要以庆祝改革开放40周年为契机，逢山开路，遇水架桥，将改革进行到底。
我们伟大的发展成就由人民创造，应该由人民共享。
各级党委、政府和干部要把老百姓的安危冷暖时刻放在心上，以造福人民为最大政绩，想群众之所想，急群众之所急，让人民生活更加幸福美满。
2017年
天上不会掉馅饼，努力奋斗才能梦想成真。
小康路上一个都不能掉队！
新年之际，我最牵挂的还是困难群众，他们吃得怎么样、住得怎么样，能不能过好新年、过好春节。
全党全社会要继续关心和帮助贫困人口和有困难的群众，让改革发展成果惠及更多群众，让人民生活更加幸福美满。
大家撸起袖子加油干，我们就一定能够走好我们这一代人的长征路。
中国人历来主张“世界大同，天下一家”。中国人民不仅希望自己过得好，也希望各国人民过得好。
2016年
有付出，就会有收获。
只要坚持，梦想总是可以实现的。
群众的生活中还有一些困难和烦恼。党和政府一定会继续努力，切实保障人民生命财产安全、保障人民生活改善、保障人民身体健康。
前景令人鼓舞、催人奋进，但幸福不会从天降。
让几千万农村贫困人口生活好起来，是我心中的牵挂。
对所有困难群众，我们都要关爱，让他们从内心感受到温暖。
中国将永远向世界敞开怀抱，也将尽己所能向面临困境的人们伸出援手，让我们的“朋友圈”越来越大。
2015年
我们的各级干部也是蛮拼的。
我要为我们伟大的人民点赞。
我们要继续努力，把人民的期待变成我们的行动，把人民的希望变成生活的现实。
我们正在从事的事业是伟大的，坚忍不拔才能胜利，半途而废必将一事无成。我们的蓝图是宏伟的，我们的奋斗必将是艰巨的。
我们呼唤和平，我真诚希望，世界各国人民共同努力，让所有的人民免于饥寒的煎熬，让所有的家庭免于战火的威胁，让所有的孩子都能在和平的阳光下茁壮成长。
2014年
我们推进改革的根本目的，是要让国家变得更加富强、让社会变得更加公平正义、让人民生活得更加美好。
一分耕耘，一分收获。在改革开放的伟大实践中，我们已经创造了无数辉煌。我坚信，中国人民必将创造出新的辉煌。
中国人民追寻实现中华民族伟大复兴的中国梦，也祝愿各国人民能够实现自己的梦想。
生活总是充满希望的，成功总是属于积极进取、不懈追求的人们。
让老百姓过上更加幸福的生活，还有大量工作要做。我们要谦虚谨慎、艰苦奋斗，共同谱写伟大祖国发展的时代新篇章。

本版策划：王  军  杨  旭  许  诺
版式设计：蔡华伟",2368
http://paper.people.com.cn/rmrb/html/2023-01/01/nw.D110000renmrb_20230101_9-03.htm,广告,,,0
http://paper.people.com.cn/rmrb/html/2023-01/01/nw.D110000renmrb_20230101_2-02.htm,本版责编：刘 念　史 哲　张帅祯　赵 政　常 晋,,,0
http://paper.people.com.cn/rmrb/html/2023-01/01/nw.D110000renmrb_20230101_1-04.htm,贺词里的追梦人,,"新年的钟声敲响，又是朝气蓬勃、充满希望的新一年。
深情回望过去一年难忘瞬间，殷殷寄语新的一年美好前景，习近平主席的新年贺词，在14亿多中国人民心中澎湃激荡。
岁月不居，时光如流。每年的新年贺词中，习近平主席都会深情关切在各条战线、各个岗位上奋斗打拼的追梦人。他们中，有的奔波在田间地头，为乡亲们的幸福美好生活辛勤劳作；有的奋战在科技前沿，为打造大国重器殚精竭虑；有的坚守在抗疫一线，为守护人民群众的生命健康安全夜以继日……在飞逝的时光里，我们看到的、感悟到的中国，是一个坚韧不拔、欣欣向荣的中国。这里有可亲可敬的人民，有日新月异的发展，有赓续传承的事业。
踔厉奋发，笃行不怠。十年砥砺奋进，党和国家事业取得历史性成就、发生历史性变革，凝结着新时代奋斗者的心血和汗水，彰显了不同凡响的中国风采、中国力量。
我们都在努力奔跑，我们都是追梦人。历史长河波澜壮阔，一代又一代人接续奋斗创造了今天的中国。新征程上再出发，不管乱云飞渡、风吹浪打，我们都将以坚如磐石的信心、只争朝夕的劲头、坚韧不拔的毅力，一步一个脚印把前无古人的伟大事业推向前进！
“280多万驻村干部、第一书记，工作很投入、很给力”
——我们经过接续奋斗，实现了小康这个中华民族的千年梦想，历史性地解决了绝对贫困问题，为全球减贫事业作出了重大贡献
数九寒冬，祖国西部边陲帕米尔高原，寒风凛冽、滴水成冰。新疆阿克陶县布伦口乡党委书记李文娟这几天忙着琢磨产业发展的“新招”。
“今年我们要做大做强牦牛合作社，还要在骑牦牛、看牦牛、领养牦牛上做文章，延伸产业链，让老百姓的腰包更鼓。”李文娟说。
“历经8年，现行标准下近1亿农村贫困人口全部脱贫，832个贫困县全部摘帽。”在二〇二一年新年贺词中，习近平主席的郑重宣告让全国人民为之振奋。
同年7月1日，习近平总书记在天安门城楼上代表党和人民庄严宣告：“经过全党全国各族人民持续奋斗，我们实现了第一个百年奋斗目标，在中华大地上全面建成了小康社会，历史性地解决了绝对贫困问题”。
千年梦想，今朝梦圆。我们完成脱贫攻坚、全面建成小康社会的历史任务，实现了第一个百年奋斗目标。
“农村转移人口市民化更便利了，许多贫困地区孩子们上学条件改善了”。
“‘安得广厦千万间，大庇天下寒士俱欢颜！’340万贫困人口实现易地扶贫搬迁、有了温暖的新家”。
“280多万驻村干部、第一书记，工作很投入、很给力，一定要保重身体。”
“这些年，我去了全国14个集中连片特困地区，乡亲们愚公移山的干劲，广大扶贫干部倾情投入的奉献，时常浮现在脑海。”
重温这些年的新年贺词，脱贫、小康，习近平主席一直念兹在兹。以习近平同志为核心的党中央把脱贫攻坚摆在治国理政突出位置，力度之大、规模之广、影响之深前所未有。
这是一诺千金的庄严承诺：“全面建成小康社会，一个民族都不能少”“决不能落下一个贫困地区、一个贫困群众”……习近平总书记亲自挂帅、亲自出征、亲自督战，明确时间表、路线图，战鼓催征，全党全社会广泛动员，全面打响人类历史上规模最大的脱贫攻坚战。
这是波澜壮阔的全国行动：从西海固到西南边陲，从乌蒙山区到秦巴腹地……到2020年底，25.5万个驻村工作队、300多万名第一书记和驻村干部、近200万名乡镇干部和数百万村干部，同群众想在一起、干在一起，一张张军令状直指贫中之贫、坚中之坚。
在决战脱贫攻坚、决胜全面小康的战场上，无数追梦人在困难面前豁得出，关键时候顶得上，把心血和汗水洒遍千山万水、千家万户。
云南省怒江傈僳族自治州贡山独龙族怒族自治县独龙江乡，山高谷深，自然条件恶劣。
2014年元旦前夕，贡山县干部群众致信习近平总书记，汇报当地经济社会发展和人民生活改善情况。收到信后，习近平总书记立即作出重要批示。在二〇二〇年新年贺词中，习近平主席再次提到云南贡山独龙族群众。
习近平主席的殷殷话语，给了当地群众无穷的追梦奋斗动力。多年来，贡山县“老县长”高德荣和当地党员干部带着大家斩穷根、去穷病。如今的独龙江乡，公路隧道贯通，1000余户群众全部住进了新房，特色种植养殖产业遍地开花，5G网络、广播电视信号覆盖全乡……
千里之外，冬夜里的福建省寿宁县下党乡，流光溢彩、灯火璀璨。这里，也是新年贺词里让习近平主席牵挂的地方。
“从前的下党乡，没有公路、没有自来水。”福建省寿宁县下党乡党委原副书记刘明华感慨颇多。乡党委带着支部干、支部带着党员干、党员带着群众干，如今，下党乡路通、水通、电通，古村落改造成了商业步行街，生态旅游发展之路越走越宽敞。
提起新年贺词里“把青春和生命献给脱贫事业的黄文秀”，人们眼前总会浮现那美丽文静的笑脸。
2016年，黄文秀毕业后返乡工作。2018年3月，她又主动申请到条件艰苦的广西壮族自治区乐业县新化镇百坭村担任驻村第一书记。一年多时间，黄文秀带领干部群众帮助全村88户418人脱贫。直到遇难前的最后一个工作日，她还在开会讨论村里工作，查看被山洪冲断的农田灌溉渠道……
三十五年如一日扎根太行山、用科技把荒山秃岭抛进历史的李保国，率众在绝壁凿出“生命渠”、用实干兑现“水过不去、拿命来铺”的黄大发，扎根脱贫一线、担任湖南炎陵县委书记的9年里走遍全县120个村庄的黄诗燕……
中华大地上全面建成小康社会，第一个百年奋斗目标如期实现，背后是千千万万追梦人的接续奋斗、倾情奉献。他们以热血赴使命、以行动践诺言，凝聚起战胜一切艰难险阻的磅礴伟力，让无数人的命运因此而改变、无数人的梦想因此而实现、无数人的幸福因此而成就！
前行之路，步履铿锵。“实现第二个百年奋斗目标也就是一两代人的事，我们正逢其时、不可辜负，要作出我们这一代的贡献。”2022年10月28日，习近平总书记在河南安阳考察时殷殷嘱托。
从脱贫攻坚到乡村振兴，从全面建成小康社会到全面建成社会主义现代化强国，迈上实现第二个百年奋斗目标的新征程，年轻一代正接过时代的接力棒，把青春热血镌刻在历史的丰碑上！
“这些成就是全国各族人民撸起袖子干出来的，是新时代奋斗者挥洒汗水拼出来的”
——我们贯彻新发展理念，着力推进高质量发展，推动构建新发展格局，实施供给侧结构性改革，我国经济实力实现历史性跃升
东部多个省份“包机出海”抢订单、中部不少城市集中开工重大项目、西部许多地方忙着招商推介……各地抢抓时间、鼓起干劲，经济活力加快升腾，市场信心持续恢复。
“长江两岸绿意盎然，建三江万亩大地号稻浪滚滚，深圳前海生机勃勃，上海张江活力四射，港珠澳大桥飞架三地……这些成就是全国各族人民撸起袖子干出来的，是新时代奋斗者挥洒汗水拼出来的。”在二〇一九年新年贺词中，习近平主席深情说道。
新时代十年，是我国经济社会发展取得历史性成就、发生历史性变革、转向高质量发展的十年——
我国继续保持世界第二大经济体的地位，经济稳健发展，2022年全年国内生产总值预计超过120万亿元。面对全球粮食危机，我国粮食生产实现“十九连丰”，中国人的饭碗端得更牢了。
十年来，以习近平同志为核心的党中央，把握从“有没有”转向“好不好”的发展主动，领航中国经济巨轮驶入高质量发展航道，推动经济发展质量变革、效率变革、动力变革。放眼神州大地，各自由贸易试验区、海南自由贸易港蓬勃兴起，沿海地区踊跃创新，中西部地区加快发展，东北振兴蓄势待发，边疆地区兴边富民。中国经济韧性强、潜力大、活力足，长期向好的基本面依然不变。只要笃定信心、稳中求进，就一定能实现我们的既定目标。
湘江北去，橘子洲头。在湖南长沙经济技术开发区，山河智能装备股份有限公司挖掘机研究院院长范峥嵘正与同事们一起在试验场开展科研攻关。
近年来，范峥嵘参与研发的具有自主知识产权的挖掘机产品达16个型号，他与同事们一起攻克了不少技术难关，让新一代产品在外观造型、性能指标和综合可靠性等方面都实现飞跃。
“自主创新是企业的生命，是企业爬坡过坎、发展壮大的根本。关键核心技术必须牢牢掌握在自己手里。”范峥嵘说，“作为一名工程师，我深感责任重大，必须牢牢抓住自主创新这条生命线，坚持创新驱动发展，才能在国际市场赢得主动”。
汽笛鸣响，一列“长安号”中欧班列正缓缓驶出西安国际港站。85后集卡司机丁磊转运的集装箱，正启程“出远门”。50个集装箱满载冰箱、洗衣机等家电，将于十几天后抵达“一带一路”沿线的欧洲国家。
“一年比一年忙。作为司机，也最盼着忙。”丁磊笑呵呵地说，“2022年，‘长安号’开行量首次突破4000列。我们的工作节奏也成倍加快。”小小的驾驶室，满是忙碌的痕迹：保温壶里，早上灌的热水，中午还没打开；旁边的大饭盒，透着余温，却顾不上扒拉一口……运货更多了，腰包更鼓了，丁磊把老家的房子整葺一新，“了了多年的心愿。”
“先行先试变成了示范引领，探索创新成为了创新引领。”对二〇二一年新年贺词，香港青年陈升有着特别的感受。他说，“置身春潮涌动的南海之滨，我感慨良多。”
距离深圳湾不远的前海深港青年梦工场，是陈升梦开始的地方。2015年，前海深港青年梦工场启用，陈升和伙伴们是第一批入驻团队。如今，梦工场已累计孵化创业团队600多家。“越来越多港澳青年融入大湾区奋斗逐梦，让青春在这里绽放！”他说。
新时代十年，随着互联网经济等新经济形态的迅猛发展，快递业快速增长。我国日均快递业务量达3亿件，收寄快递成为新开门“七件事”之一。一包一裹、一收一派，快递小哥成了服务广大人民群众不可或缺的角色。
“快递小哥、环卫工人、出租车司机以及千千万万的劳动者，还在辛勤工作，我们要感谢这些美好生活的创造者、守护者。”在二〇一九年新年贺词中，习近平主席饱含深情地说。
2019年春节前夕，北京前门石头胡同快递站点，刘阔和同事们遇到了前来看望他们的习近平总书记。听说大家年三十才能回家，总书记说，“快递小哥”工作很辛苦，起早贪黑、风雨无阻，越是节假日越忙碌，像勤劳的小蜜蜂，是最辛勤的劳动者，为大家生活带来了便利。这席话，温暖着刘阔的心窝。
这是一个属于奋斗者的时代，每个人都在奔跑中拥抱梦想，用汗水浇灌未来。一个个努力拼搏的追梦人，共同绘就了同心共圆中国梦的壮阔画卷。
“我要向每一位科学家、每一位工程师、每一位‘大国工匠’、每一位建设者和参与者致敬”
——我们加快推进科技自立自强，一些关键核心技术实现突破，战略性新兴产业发展壮大，进入创新型国家行列
“神舟十三号、十四号、十五号接力腾飞，中国空间站全面建成，我们的‘太空之家’遨游苍穹。”在二〇二三年新年贺词中，习近平主席点赞“太空之家”。
2022年12月2日晚，一个特殊的交接仪式在距离地球400公里的中国空间站举行，神舟十四号乘组指令长陈冬向神舟十五号乘组指令长费俊龙移交了中国空间站的钥匙。
这是中国航天员乘组完成的首次在轨交接。多年来，筑梦苍穹的过程，就是一棒交接一棒的接力赛，背后是广大科技工作者不惧艰辛、攻坚克难的付出和努力。
纵观人类发展史，创新始终是一个国家、一个民族发展的不竭动力和生产力提升的关键要素。谁走好了科技创新这步先手棋，谁就能占领先机、赢得优势。
新年贺词中，习近平主席多次为中国制造、中国创造、中国建造点赞，为中国人民迸发出来的创造伟力喝彩：
“我国自主研制的C919大型客机总装下线，中国超级计算机破世界纪录蝉联‘六连冠’，我国科学家研制的暗物质探测卫星发射升空”。
“我要向每一位科学家、每一位工程师、每一位‘大国工匠’、每一位建设者和参与者致敬”。
“嫦娥四号在人类历史上第一次登陆月球背面，长征五号遥三运载火箭成功发射，雪龙2号首航南极，北斗导航全球组网进入冲刺期，5G商用加速推出，北京大兴国际机场‘凤凰展翅’……”
“‘天问一号’、‘嫦娥五号’、‘奋斗者’号等科学探测实现重大突破。”
党的十八大以来，习近平总书记高度重视科技创新，提出一系列重大论断，发表一系列重要论述，亲自谋划、亲自部署、亲自推动一系列重大战略举措，擘画了我国科技创新发展的宏伟蓝图，走出了一条从人才强、科技强到产业强、经济强、国家强的创新发展新路径。
2019年1月3日，嫦娥四号探测器顺利在月球背面预选区成功着陆，探测器系统总设计师孙泽洲与同事们激动得紧紧拥抱在一起。探月工程，圆了中华民族自强不息的飞天揽月之梦，工程全线数万名科技工作者都是追梦人。“习近平总书记的重要讲话指引着我们不断追求新的梦想，不断实现新的突破。”孙泽洲说。
2022年12月26日，好消息传来，我国自行研制、具有自主知识产权的C919大型客机交付东航的全球首架机的首班验证飞行开启。C919的起飞，是中华民族“大飞机梦”的腾飞。“我们要做一个强国，就一定要把装备制造业搞上去，把大飞机搞上去，起带动作用、标志性作用。”习近平总书记的嘱托，中国商飞公司上海飞机制造有限公司技术专家孟见新心中时时牢记。他用工匠精神要求自己：“要干就要干到极致！造飞机，不能没匠心！”
伶仃洋上，一桥飞架三地，如同海上巨龙。
“人工建岛和海底沉管隧道，当时对我们来说都是‘超级难题’。”港珠澳大桥管理局总工程师苏权科介绍，“港珠澳大桥是一座名副其实的科技大桥，在这些世界级挑战的背后，是一系列创新攻坚和科技支撑的强力驱动。”
2万多名施工人员、1000多名科研设计人员，经历无数个日日夜夜，终于托举起这座世界级工程……“我们将不负习近平总书记嘱托，逢山开路、遇水搭桥，继续攀登新的高峰！”苏权科振奋地说。
党的二十大报告提出，我国全社会研发经费支出从1万亿元增加到2.8万亿元。国家创新能力综合排名上升至世界第十一位，累计授权发明专利395.3万件。
国产C919大飞机市场化运营加速，时速600公里高速磁浮试验样车下线，高性能装备、智能机器人、增材制造、激光制造等技术有力推动“中国制造”迈向更高水平，5G移动通信技术率先实现规模化应用……新时代十年，我们坚定不移走自主创新道路，把创新发展主动权牢牢掌握在自己手中。
当前，世界新一轮科技革命和产业变革加速演进和拓展，科技创新正在深刻改变世界发展格局，我国发展面临千载难逢的历史机遇。
习近平总书记在党的二十大报告中指出：“必须坚持科技是第一生产力、人才是第一资源、创新是第一动力，深入实施科教兴国战略、人才强国战略、创新驱动发展战略，开辟发展新领域新赛道，不断塑造发展新动能新优势。”
于危机中育先机、于变局中开新局。新征程上，我们要坚定创新自信，抢抓创新机遇，勇攀科技高峰，破解发展难题，加快实现高水平科技自立自强，加快建设科技强国。
“广大人民群众坚持爱国奉献，无怨无悔，让我感到千千万万普通人最伟大，同时让我感到幸福都是奋斗出来的”
——社会主义核心价值观广泛传播，全党全国各族人民文化自信明显增强、精神面貌更加奋发昂扬
“广大人民群众坚持爱国奉献，无怨无悔，让我感到千千万万普通人最伟大，同时让我感到幸福都是奋斗出来的。”在二〇一八年新年贺词中，习近平主席谈到了之前回信的南开大学新入伍的大学生。
在习近平主席的勉励下，这群年轻人完成了从地方大学生到青年军人的蜕变。这些年来，他们有的在军营建功立业，有的退役不褪色，在“第二战场”拼搏奋斗，续写绚烂的青春篇章。
“明天的中国，希望寄予青年。青年兴则国家兴，中国发展要靠广大青年挺膺担当。年轻充满朝气，青春孕育希望。广大青年要厚植家国情怀、涵养进取品格，以奋斗姿态激扬青春，不负时代，不负华年。”在二〇二三年新年贺词中，习近平主席深情地说。
好儿女志在四方，有志者奋斗无悔。如今，越来越多的有志青年到祖国和人民最需要的地方去建功立业，把艰苦和磨砺当成人生精彩篇章的序曲，绽放绚丽的青春之花。
“豁出命改变她们的命，值！”“七一勋章”获得者、云南丽江华坪女子高级中学校长张桂梅扎根贫困地区40余年，帮助近2000名女孩走出大山。
张桂梅的奉献，激励着越来越多青年投身山区教育。周云丽是华坪女高的第一届学生，因家庭贫困面临失学的她，在华坪女高得到了继续读书的机会。2015年，听说母校缺老师，她毫不犹豫回校。如今，周云丽已成为学校的骨干教师，和许多老师一起，接过了校长张桂梅手中的接力棒。
追梦人在一次次接力中完成了梦想的传递。
习近平主席在二〇一五年新年贺词中说：“对一切为国家、为民族、为和平付出宝贵生命的人们，不管时代怎样变化，我们都要永远铭记他们的牺牲和奉献。”
2022年9月17日上午，第九批在韩中国人民志愿军烈士遗骸安葬仪式在沈阳抗美援朝烈士陵园举行。苍松低吟，翠柏肃立，“抗美援朝烈士英灵永垂不朽”题字更显遒劲。
山河无恙，英雄归来。陵园下沉式纪念广场中央，环形烈士英名墙下摆满了黄白相间的菊花，寄托着人们的深切哀思。戴着红领巾的学生搀扶着志愿军老战士走在前面，一颗颗源自伟大抗美援朝精神的种子播撒在少先队员们的心田。
一场场唤醒历史的纪念，一次次触动心灵的激励。“英雄的事迹永远铭记在我们心中。每当辞旧迎新，总会念及中华民族千年传承的浩然之气，倍增前行信心。”在二〇二三年新年贺词中，习近平主席说。
奋斗，是革命先烈前赴后继的无畏身影，是青年突击队、青年志愿垦荒队在山川大地树起的鲜艳旗帜，是“团结起来，振兴中华”的时代强音，是“清澈的爱、只为中国”的深情告白，是“请党放心、强国有我”的铿锵誓言……
“让更多人参与到冰雪运动中来，这也是奥林匹克运动的题中之义。我们将竭诚为世界奉献一届奥运盛会。世界期待中国，中国做好了准备。”在二〇二二年新年贺词中，习近平主席向全世界宣告。
北京冬奥会、冬残奥会成功举办，冰雪健儿驰骋赛场，取得了骄人成绩。中国单板滑雪运动员苏翊鸣收获金、银牌，为中国冰雪运动取得历史性突破。十年磨一剑。苏翊鸣曾一周滑坏4块雪板，冬天去雪场练，夏天跳模拟气垫，“不知道经过多少次失败才能解锁一个新动作”。
北京冬奥会夺冠后，苏翊鸣给习近平总书记写了一封信。“翊鸣同学：你好！来信收悉。”总书记的回信，苏翊鸣读了一遍又一遍，他说：“小时候戴红领巾，长大披五星红旗。对一份心中所爱，都能去试一下拼一把，是这个时代给我们青年人的礼物！”
“疫情发生以来，我们始终坚持人民至上、生命至上，坚持科学精准防控，因时因势优化调整防控措施，最大限度保护了人民生命安全和身体健康。广大干部群众特别是医务人员、基层工作者不畏艰辛、勇毅坚守。经过艰苦卓绝的努力，我们战胜了前所未有的困难和挑战，每个人都不容易。”在二〇二三年新年贺词中，习近平主席这样说。
广大医务工作者义无反顾、逆行出征，白衣执甲、不负重托，英勇无畏冲向疫情防控斗争第一线，用实际行动践行了敬佑生命、救死扶伤、甘于奉献、大爱无疆的崇高精神。460多万个基层党组织冲锋陷阵，400多万名社区工作者在全国65万个城乡社区日夜值守，让党旗在抗疫第一线高高飘扬……一个个动人故事，闪耀着平凡而伟大的光芒。以爱国主义为核心的民族精神，始终指引着梦想的方向。
在塞罕坝机械林场海拔1900米的月亮山上，矗立着一座“望海楼”。刘军、王娟夫妇每天要对森林进行定时瞭望。24年来，夫妻俩过着几乎“与世隔绝”的生活。“干林业苦不苦？苦！但不吃这份苦，哪来的山青水碧天蓝？”看到漫山遍野的林子，夫妻俩觉得很欣慰。
“黄河安澜，国泰民安”，浓缩了中华儿女的千年夙愿。山东省东营市垦利区黄河河务局义和管理段段长陈建武十多年来一直守护在这126公里的沿黄岸线。每年汛期，他就成了段上的“常住人口”，巡堤查险、夜探根石、工程管护……24小时连轴转。这十年，上游调水调沙、下游疏浚河道，陈建武明显感受到黄河水生态环境日益改善。
平凡铸就伟大，英雄来自人民。“向所有平凡的英雄致敬！我为伟大的祖国和人民而骄傲，为自强不息的民族精神而自豪！”在二〇二一年新年贺词中，习近平主席的话语振聋发聩。
千千万万中华儿女坚持爱国奉献，无怨无悔，以奋斗的底色和奔跑的姿态，朝着心中的梦想进发，绘成一幅为实现中华民族伟大复兴而奋斗的壮丽图景。
“人民子弟兵永远是保卫祖国的钢铁长城，让我们向守护家园的忠诚卫士们致敬！”
——人民军队体制一新、结构一新、格局一新、面貌一新，现代化水平和实战能力显著提升，中国特色强军之路越走越宽广
深情的祝福，殷切的关怀，伴随着新年钟声传遍神州大地，传到全军官兵。
“人民军队迎来95岁生日，广大官兵在强军伟业征程上昂扬奋进。第三艘航母‘福建号’下水……”在二〇二三年新年贺词中，习近平主席说。
从林海雪原到天涯海角，从西北大漠到东南沿海，从中原腹地到万里边关……聆听习近平主席发表的二〇二三年新年贺词，全军官兵心潮澎湃、倍感温暖。
同基层官兵在一起的照片，多次出现在习近平主席身后的书架上。踏边关、走戈壁、登战机、上战舰……这一张张定格的画面，诉说着基层官兵在统帅心中的特殊位置。
党的十八大以来，中国特色社会主义进入新时代，国防和军队建设也进入新时代。
人民军队这十年，是浴火重生的十年，是强军兴军的十年，是阔步迈向世界一流的十年。强军事业取得历史性成就、发生历史性变革，我军现代化水平和实战能力显著提升，中国特色强军之路越走越宽广。
每年新年贺词中提到的闪亮名字，更是号角催征、鼓舞士气：
——“一辈子深藏功名、初心不改的张富清”。
曾是西北野战军突击队员的张富清，冒着枪林弹雨，立下卓著战功。1955年，他退役转业，主动选择到湖北省最偏远的来凤县工作，为贫困山区默默奉献一生，即使生活过得并不宽裕，他也没向组织提过任何要求。直到2018年底，国家开展退役军人信息登记，他隐藏半个多世纪的战功才得以被发现。
——“用自己身体保护战友的杜富国”。
2018年10月，云南边境排雷行动中，面对不明爆炸物，陆军某扫雷排爆大队战士杜富国对战友喊出“你退后，让我来”，却在进一步查明情况时突遇爆炸，失去双手双眼，同组战友安然无恙。没有双手双眼，还能做什么？杜富国记得习近平主席“把身体养好”的叮嘱，他说：“我还有一双完整的腿，我可以继续为梦想奔跑！”
——“全军英模挂像里多了林俊德和张超两位同志”。
林俊德，中国爆炸力学与核试验工程领域著名专家、中国工程院院士。他隐姓埋名，投身我国国防科技领域50余年，即使在生命最后一刻，也争分夺秒，整理重要科研资料。他说：“我这辈子只做了一件事，就是核试验，我很满意。”
张超，海军某舰载航空兵部队正营职中队长，一级飞行员。2016年4月，他驾驶117号歼—15飞机进入着“舰”航线，已经接地滑跑的飞机突报“电传故障”，猛然下坠。张超竭尽全力推操纵杆，力图避免战机损毁。弹射跳伞后，他被重重摔下，壮烈牺牲。
…………
“人民子弟兵永远是保卫祖国的钢铁长城，让我们向守护家园的忠诚卫士们致敬！”习近平主席牵挂着人民子弟兵，以及许许多多无怨无悔、倾情奉献的无名英雄。
他们把热血和青春献给了国防和军队现代化事业，以普通人的平凡书写了不平凡的人生。他们是新时代最可爱的人，永远值得我们怀念和学习。
见贤思齐、崇尚英雄、争做先锋。官兵们纷纷表示，一定要时刻牢记习主席的深切关怀和殷殷嘱托，全面加强练兵备战，高标准完成好各项任务，为实现党在新时代的强军目标、把人民军队全面建成世界一流军队不懈奋斗。
“大家跟我说了很多心里话，我一直记在心上。”温暖的话语直抵人心，在二〇二〇年新年贺词中，习近平主席专门提到了给“王杰班”全体战士回信，坐在电视机前的陆军第71集团军某旅“王杰班”全体战士激动万分。
2017年12月13日，党的十九大后，习近平主席第一次出京视察部队，再次来到了连队。“来，咱们坐下聊一聊！”在“王杰班”座谈交流时，习近平主席随和地招呼大家。战士们围拢在习主席周围，脸上洋溢着发自内心的喜悦。
“王杰的枪，我们扛……”嘹亮的连歌，记录下官兵对王杰精神的传承。2017年，“王杰班”由工兵班调整组建为装甲步兵班，同时换装某新型步兵战车。“再苦再难也要迈过转型这道坎！”面向老班长王杰的雕塑，全班战士立下铮铮誓言。他们坚持苦练硬功，列装不足百天，就在新装备首次实弹射击中首发命中、发发命中。
新时代强军征程，波澜壮阔。在以习近平同志为核心的党中央坚强领导下，人民军队坚定不移走中国特色强军之路，实现整体性革命性重塑，正以不可阻挡的步伐迈向世界一流。
雄关漫道真如铁，而今迈步从头越。如期实现建军一百年奋斗目标，是党的意志、人民的期盼，是人民军队必须扛起的时代重任、必须交出的历史答卷。
广大官兵纷纷表示，要更加紧密地团结在以习近平同志为核心的党中央周围，全面贯彻习近平新时代中国特色社会主义思想和党的二十大精神，强化思想引领，强化担当作为，强化工作落实，奋力实现建军一百年奋斗目标，打开强军事业发展新局面！

今天，我们比历史上任何时期都更接近、更有信心和能力实现中华民族伟大复兴的目标。
今天，我们也更清醒地认识到“中华民族伟大复兴绝不是轻轻松松、敲锣打鼓就能实现的，也绝不是一马平川、朝夕之间就能到达的”。
点点星火，汇聚成炬。幸福都是奋斗出来的，成功总是属于积极进取、不懈追求的人们。新时代的伟大成就，是全国各族人民撸起袖子干出来的，是新时代奋斗者挥洒汗水拼出来的。
新故相推，日生不滞。温暖的、明媚的2023年的阳光照在我们脸上，坚实的大地上跃动着无数追梦人前行的身影。党的二十大擘画了全面建设社会主义现代化国家、以中国式现代化全面推进中华民族伟大复兴的宏伟蓝图，吹响了奋进新征程的时代号角。要把这个蓝图变为现实，必须不驰于空想、不骛于虚声，一步一个脚印，踏踏实实干好工作。
梦想有多么伟大，征程就有多么壮阔。
明天的中国，奋斗创造奇迹。我们通过奋斗，披荆斩棘，走过了万水千山，创造了无数辉煌。我们还要继续奋斗，勇往直前，只要有愚公移山的志气、滴水穿石的毅力，脚踏实地，埋头苦干，积跬步以至千里，就一定能够把宏伟目标变为美好现实，创造更加灿烂的辉煌！",10482
http://paper.people.com.cn/rmrb/html/2023-01/01/nw.D110000renmrb_20230101_1-03.htm,共创中华民族绵长福祉,,"“历史长河波澜壮阔，一代又一代人接续奋斗创造了今天的中国。”新年前夕，国家主席习近平通过中央广播电视总台和互联网，发表了二〇二三年新年贺词。海外华侨华人第一时间收听收看新年贺词后纷纷对本报记者表示，习近平主席的新年贺词让他们既感动又振奋，海内外中华儿女将在新征程上一往无前、顽强拼搏，让明天的中国更美好。
“习近平主席发表的新年贺词为我们带来温暖的力量。”德国欧洲新传媒集团总编辑范轩对本报记者表示，新年贺词让海外侨胞骄傲自豪，对未来信心满满。
英国伦敦华埠商会主席邓柱廷感慨，2022年北京冬奥会、冬残奥会成功举办，“双奥之城”兑现冰雪之约，向世界展示了一个更加自信、开放、生机勃勃、充满希望的中国。中共二十大胜利召开，中国开启了恢宏的发展新篇章。中国的繁荣发展，必将为世界和平与发展带来更大机遇。
意大利罗马华侨华人联合总会会长陈和平表示，2022年是极不平凡的一年，面对挑战，中国党和政府取得了一个又一个亮眼成绩，海外侨胞为此欢欣鼓舞。海外侨胞将牢记习近平主席的嘱托，脚踏实地，埋头苦干，积极促进中外民间交流合作，让明天的中国更美好。
韩国釜山华侨华人联合会会长朴永男表示，中国新时代十年的伟大变革不仅给中国人民带来福祉，也带动了世界上其他国家的发展，造福了当地民众。海外侨胞对此感受深刻。“海外侨胞一定要永怀爱国之心，奋斗创造奇迹，以实际行动展现新时代华侨华人良好风貌，为中华民族的伟大复兴贡献力量。”
西班牙华侨华人协会主席陈建新表示，新年贺词话语暖心，“祖（籍）国成就令人振奋鼓舞。我们坚信拥有14亿多人口的中国必将充满活力，向着更加美好的未来前行。”
日本多元文化会馆代表刘莉生表示，习近平主席的新年贺词必将鼓舞全体中华儿女团结一心，共同参与到实现中国式现代化、推进中华民族伟大复兴的事业中。
巴基斯坦华侨华人协会会长喇杰廉说，每逢新年之际，海外华侨华人都在期待着习近平主席发表新年贺词。“无数中国人的辛勤付出和汗水汇集成了中国力量，这股力量让我们振奋、感动。相信我们每个人的努力，终将汇聚成强大合力，为祖（籍）国繁荣昌盛作出自己的贡献。”
埃及中华总会会长王培中表示，习近平主席的新年贺词充满催人奋进的力量。新的一年，包括海外华侨华人在内的全体中华儿女必将焕发更大的活力，为共筑中国梦踔厉奋发、不懈努力。
斐济—中国友好协会副主席杨鸿濂注意到，新年贺词中两次提到“团结”一词。“只有团结才能让中华儿女共同期盼的祖国统一早日到来。国家统一、民族复兴的历史车轮滚滚向前，广大侨胞将不负使命、凝心聚力，携手推进伟大事业的实现。”
巴西中国和平统一促进会会长王俊晓表示，实现祖（籍）国完全统一是海内外中华儿女的共同期盼。“海峡两岸一家亲，衷心希望两岸同胞凝聚共识、携手并进。巴西中国和平统一促进会将与广大海外侨胞共同努力，为推动实现祖（籍）国统一大业不断作出新贡献。”
美国南加州华人华侨联合总会会长蔡成华表示：“我们深信，无论中华民族前进道路上有多少艰难险阻，有中国共产党的坚强领导，有包括广大海外侨胞在内的中华儿女团结一心，伟大复兴的中国梦就一定能够实现。”
澳大利亚首都地区中国和平统一促进会会长陈蔚东表示：“祖（籍）国的完全统一是海峡两岸同胞的共同心愿，也是两岸关系发展的必然结果。我们将不懈努力，推进新时代祖（籍）国统一事业，共创中华民族绵长福祉。”
德国中国商会总干事长段炜注意到，新年贺词中提到“中国经济韧性强、潜力大、活力足，长期向好的基本面依然不变”。他表示，作为中资企业在德国的代表机构，商会将为构建以国内大循环为主体、国内国际双循环相互促进的新发展格局贡献力量，进一步服务好中资企业“走出去”、“走进去”和“走上去”，积极参与共建“一带一路”合作，助力中德两国贸易投资合作水平不断提升。
西班牙西中友好合作协会主席王新特表示：“2023年是中西建交50周年，我们期待在当地继续广交深交朋友，积极开展中西民间友好交流，让西班牙朋友了解更加真实、立体、全面的中国。”
南非华人警民合作中心主任李新铸表示，过去的2022年，是全体中华儿女顽强奋斗，屡创辉煌的一年。新的一年，在南华侨华人将继续脚踏实地，埋头苦干，为早日实现中华民族伟大复兴贡献自己的力量。
俄罗斯中俄人文合作发展中心主席尹斌表示，习近平主席在新年贺词中特别指出，“明天的中国，希望寄予青年”。“当前，中俄新时代全面战略协作伙伴关系更加成熟坚韧，我们生逢其时，一定不辜负习近平主席的殷切希望，不负时代，不负华年，为全面建设社会主义现代化国家、为中俄世代友好贡献自己的力量。”
德国汉堡豫园德中经济文化交流中心会长温振宇说，我们将继续发挥自身优势，将德国汉堡豫园打造成中德经济文化交流的重要平台，为中德民间友好贡献力量。
法国潮州会馆名誉会长吴武华表示，新的一年，海外侨胞将继续满怀信心与决心，一起向着更加美好的未来努力奋斗，为祖（籍）国更加繁荣富强作出自己的贡献。
阿联酋华侨华人文化教育协会会长唐振刚说，在阿华侨华人文化交流组织等将发挥自身优势，讲好中国和平发展故事，为促进两国民众相互理解和友谊贡献力量。衷心祝愿在新的一年里，伟大祖（籍）国繁荣昌盛，人民幸福安康。
（本报记者曲颂、李强、邢雪、谢亚宏、马菲、颜欢、岳林炜、程是颉、黄培昭、陈效卫、吴杰、李志伟、邹松、肖新新、刘玲玲、管克江）",2191
http://paper.people.com.cn/rmrb/html/2023-01/01/nw.D110000renmrb_20230101_1-05.htm,推动经济运行整体好转（权威访谈）,,"日前召开的中央经济工作会议提出，我国经济韧性强、潜力大、活力足，各项政策效果持续显现，2023年经济运行有望总体回升。要坚定做好经济工作的信心。
如何看待当前的中国经济形势？怎样推动经济运行整体好转？本报记者采访了国家发展改革委党组成员、副主任赵辰昕。
经济形势怎样判断？2023年我国发展具备较好基础和较多有利条件
记者：您如何看待当前经济运行面临的挑战？中央经济工作会议提出，2023年经济运行有望总体回升，作出这一判断的主要基础是什么？
赵辰昕：2022年，我国经济在波动中回稳向好，全年国内生产总值预计超过120万亿元。这样的成绩是在我国经济总量连续两年超过百万亿元的高基数上取得的，是在复杂严峻的国内外环境下取得的，是在战胜一个又一个困难挑战下取得的。我国经济在全球主要经济体中的表现是非常突出的，成绩来之不易，需要倍加珍惜。
当前，我国经济发展确实面临一些困难挑战，经济恢复的基础尚不稳固，疫情仍是影响经济平稳运行的重要因素，需求收缩、供给冲击、预期转弱三重压力仍然较大。但更要看到，这些问题是前进中的困难挑战，我国经济韧性强、潜力大、活力足，长期向好的基本面没有变，随着各项政策效果持续显现，2023年经济运行有望总体回升。
一是发展更有基础。新时代十年我国经济实力实现历史性跃升，经济总量占世界经济比重达18.5%，我们拥有完整的产业体系、超大规模的国内市场、日益完备的基础设施网络，粮食、能源资源、重要产业链供应链安全保障能力不断增强，巨大市场潜力、强大经济韧性等优势将进一步彰显。特别是2022年以来，我们有力有效应对超预期因素冲击，发展质量稳步提升，科技创新成果丰硕，改革开放全面深化，就业物价基本平稳，粮食安全、能源安全和人民生活得到有效保障，保持了经济社会大局稳定，为2023年发展打下了坚实基础。
二是动能正在集聚。中央经济工作会议强调要切实落实“两个毫不动摇”，依法保护民营企业产权和企业家权益，随着重点领域和关键环节改革效应持续显现，高水平对外开放稳步推进，市场活力有望进一步激发。更多关键核心技术实现突破，战略性新兴产业发展壮大，传统产业加快改造升级，一批制造业重大项目顺利推进，将不断释放强大动力。区域重大战略和区域协调发展战略深入实施，京津冀、长三角、粤港澳大湾区等创新极、动力源的辐射带动作用进一步凸显，区域城乡协调发展空间进一步拓宽，将持续推动经济高质量发展。
三是政策继续发力。经过应对内外部各种冲击挑战的实践，宏观调控举措更加丰富，政策储备工具更加充足，各方面准备更加充分。中央经济工作会议已经对2023年经济工作进行了部署，我们将坚持稳字当头、稳中求进，加大宏观政策调控力度，优化五大政策组合，把握好六个“更好统筹”，抓好五方面重点工作，存量政策和增量政策将叠加发力，有望推动经济回升向好。
总的来看，2023年我国发展具备较好基础和较多有利条件，我们有信心有条件有能力推动经济运行整体好转，实现质的有效提升和量的合理增长。
宏观调控如何发力？努力实现最优政策组合和最大整体效果
记者：2023年如何用好用活宏观政策工具箱，推动经济运行整体好转，提振社会各方对中国经济的发展信心？
赵辰昕：2023年是全面贯彻落实党的二十大精神的开局之年。我们要全面贯彻党的二十大精神和中央经济工作会议部署，从战略全局出发，从改善社会心理预期、提振发展信心入手，科学精准实施宏观调控，推动形成共促高质量发展合力。重点抓好以下几方面工作。
一是坚持稳字当头、稳中求进，加大宏观政策调控力度。保持宏观政策连续性稳定性、增强有效性灵活性，继续实施积极的财政政策和稳健的货币政策，更好发挥财政撬动社会资金的杠杆作用。综合运用多种货币政策工具保持流动性合理充裕，加大对小微企业、科技创新、绿色发展等重点领域和薄弱环节的精准支持。同时，扩大就业容量、提升就业质量，稳定物价总水平。
二是坚持系统观念、守正创新，强化政策协调配合。加强财政、货币、产业、科技、社会政策的协调配合，努力实现最优政策组合和最大整体效果。加强与宏观政策取向一致性评估，将其作为强化政策统筹的重要抓手，推动各方面增强全局观，着力营造稳定可预期的宏观政策环境。加强跨年度政策的协调衔接，推动2022年下半年以来出台实施的政策性开发性金融工具、支持设备更新改造、扩大制造业中长期贷款等政策效应在2023年持续释放。
三是坚持提纲挈领、纲举目张，改善提振预期信心。着力扩大国内需求，全面落实扩大内需战略规划纲要和“十四五”实施方案，把恢复和扩大消费摆在优先位置，通过政府投资和政策激励有效带动全社会投资。加快建设现代化产业体系，实施好创新驱动战略，着力补齐短板、加固长板，着力打通制约高质量发展的卡点瓶颈。切实落实“两个毫不动摇”，加快建设高标准市场体系，支持民营经济和民营企业发展壮大，大力提振市场信心。更大力度吸引和利用外资，实施好新版鼓励外商投资产业目录，依法保护外商投资权益，以国内大循环吸引全球资源要素。强化粮食、能源、产业链供应链安全保障，有效防范化解重大风险，牢牢守住安全发展底线。
我们将按照党中央部署，抓好各项政策落实。同时，及时跟踪经济运行情况，加强政策预研储备，不断丰富应对超预期冲击的政策工具箱，适时推动出台新的政策举措，着力稳增长稳就业稳物价，保持经济运行在合理区间。
扩大内需怎么挖潜？发挥好消费的基础性作用和投资的关键作用
记者：中央经济工作会议将“着力扩大国内需求”作为2023年重点工作任务。2023年在促消费、稳投资方面有哪些新的实招硬招？
赵辰昕：总需求不足是当前经济运行面临的突出矛盾。我们将按照中央经济工作会议精神，大力推动《扩大内需战略规划纲要（2022—2035年）》和《“十四五”扩大内需战略实施方案》各项举措落地见效，发挥好消费的基础性作用和投资的关键作用，着力释放我国超大规模国内市场的需求潜力。
消费方面，重点是要把恢复和扩大消费摆在优先位置，多措并举促进居民想消费、敢消费、能消费。一是增强消费能力。多渠道增加城乡居民收入，特别是提高消费倾向高、但受疫情影响大的中低收入居民的消费能力。落实重要民生商品价格调控机制，加大保供稳价工作力度。二是改善消费条件。围绕经济发展和民生急需，强化停车设施建设改造，加快推进公路沿线、交通枢纽站、居住区等充电设施设备建设，推动老旧商圈等改造提升，推动多种消费业态嵌入商业设施，优化消费环境。支持住房改善、新能源汽车、养老服务等消费，推动重点领域和大宗商品消费持续恢复。三是创新消费场景。顺应居民消费升级趋势，促进线上线下深度融合发展，持续提升消费体验，鼓励传统商贸流通企业、专业市场与平台企业加强合作，利用新技术新应用拓展购物体验。
投资方面，重点是要通过政府投资和政策激励有效带动全社会投资，形成储备一批、建设一批、竣工一批的良性循环。一是加大重点领域和薄弱环节投资力度。聚焦“十四五”规划102项重大工程，着力加快推进重大项目建设。适度超前开展基础设施投资，加强交通、能源、水利等重大基础设施建设，系统布局新型基础设施，加强区域间基础设施联通，加大制造业投资支持力度，加强粮食安全、能源安全、产业链供应链安全等领域建设，强化对保障民生需求重大事项支持力度。二是打好投资政策组合拳。进一步优化调整中央预算内投资结构，集中力量办好国家层面的大事难事急事。积极做好地方政府专项债券项目准备等各项工作，推动专项债券项目如期开工建设。推动政策性开发性金融工具项目加快建设，尽快形成更多实物工作量。加快释放设备更新改造专项再贷款财政贴息和制造业中长期贷款政策效能，促进制造业投资稳定增长。督促指导各地方不断完善项目储备机制，扎实做好项目前期工作。三是提振民间投资信心。通过投融资合作对接机制加强民间投资项目融资支持，支持民间投资多种方式盘活存量资产，规范和鼓励民间投资健康发展。推动基础设施REITs健康发展，回收资金用于新的项目建设。改善投资环境，鼓励和吸引更多民间资本参与国家重大工程和补短板项目建设。",3288
